timestamps,x,y,z
1.4549620706562225e+18,-1.82518,4.238040000000001,8.59962
1.4549620709062223e+18,0.228156862745098,2.7980196078431376,9.415019607843137
1.4549620711562225e+18,1.4035098039215688,1.2926666666666666,9.486450980392156
1.4549620714062223e+18,0.81936,2.8826,8.83422
1.4549620716562225e+18,0.0017647058823529,3.292725490196078,9.95043137254902
1.4549620719062223e+18,0.0940408163265306,2.9589183673469392,8.35595918367347
1.4549620721562225e+18,0.989470588235294,3.162764705882354,9.745470588235293
1.4549620724062223e+18,0.6186274509803922,2.4334117647058826,8.23278431372549
1.4549620726562225e+18,0.1212799999999999,2.6639399999999998,9.7493
1.4549620729062223e+18,2.05204,2.09898,8.03092
1.4549620731562225e+18,8.89208,-7.51664,4.50282
1.4549620734062223e+18,9.19021568627451,3.6450784313725486,-0.2953725490196078
1.4549620736562225e+18,11.491431372549018,-3.5712745098039216,0.8836078431372547
1.4549620739062223e+18,11.85983673469388,-6.8857959183673465,2.216816326530612
1.4549620741562225e+18,2.42502,-2.55908,0.7080600000000001
1.4549620744062223e+18,8.858725490196079,-4.424294117647059,-3.637803921568627
1.4549620746562225e+18,7.24780392156863,-10.43629411764706,-2.993176470588235
1.4549620749062223e+18,0.2930612244897959,-7.828816326530613,0.0726734693877549
1.4549620751562225e+18,1.8671568627450976,-8.49250980392157,-3.068960784313726
1.4549620754062223e+18,-6.643254901960785,-3.2069411764705884,1.6153529411764709
1.4549620756562225e+18,-2.0052799999999995,-12.38158,1.04182
1.4549620759062223e+18,2.74832,-8.97052,-2.6051600000000006
1.4549620761562225e+18,-3.39684,-2.0645,3.20472
1.4549620764062223e+18,-0.4217843137254902,-9.025058823529411,1.5570980392156863
1.4549620766562225e+18,4.3399600000000005,-11.182679999999998,-0.6934999999999999
1.4549620769062223e+18,-2.1930400000000003,-3.17564,2.8651600000000004
1.4549620771562225e+18,1.4952941176470589,-6.40705882352941,-1.9495098039215688
1.4549620774062223e+18,2.18794,-8.911879999999998,2.3767
1.4549620776562225e+18,-3.49214,-2.91518,3.55446
1.4549620779062223e+18,4.26142,-8.478079999999999,-4.6211
1.4549620781562225e+18,-1.8910784313725493,-6.238980392156862,5.761490196078432
1.4549620784062223e+18,-1.1284999999999998,-9.91732,2.3318600000000003
1.4549620786562225e+18,8.341117647058823,-8.96321568627451,-4.92643137254902
1.4549620789062223e+18,-5.095999999999999,-2.72952,4.050520000000001
1.4549620791562225e+18,0.2517058823529411,-9.500549019607844,1.978372549019608
1.4549620794062223e+18,5.556431372549021,-10.572254901960786,-0.5885098039215686
1.4549620796562225e+18,-4.288799999999999,-0.9665,4.96858
1.4549620799062223e+18,3.16906,-7.44622,-3.6523
1.4549620801562225e+18,0.568607843137255,-8.057980392156862,2.9839019607843134
1.4549620804062223e+18,-5.237959999999999,-6.84034,3.9264
1.4549620806562225e+18,10.097745098039216,-8.046019607843137,-5.155411764705882
1.4549620809062223e+18,-5.3848979591836725,-4.3428775510204085,5.755959183673469
1.4549620811562225e+18,2.751039215686274,-11.31211764705882,1.4298235294117645
1.4549620814062223e+18,7.09472549019608,-11.417745098039218,-2.3913333333333338
1.4549620816562225e+18,-4.68078,-2.33038,5.358580000000001
1.4549620819062223e+18,2.46638,-7.25576,-3.40408
1.4549620821562225e+18,-0.1157799999999998,-8.03078,3.8153799999999993
1.4549620824062223e+18,-4.529333333333334,-4.371705882352941,4.177235294117647
1.4549620826562225e+18,7.73298,-7.835979999999999,-4.69084
1.4549620829062223e+18,-4.64262,-3.42408,6.23202
1.4549620831562225e+18,1.6982549019607844,-10.407901960784317,0.8535686274509803
1.4549620834062223e+18,7.33358,-9.69274,-3.67346
1.4549620836562225e+18,-3.835882352941177,-3.190823529411764,3.676627450980393
1.4549620839062223e+18,1.27564,-7.73164,-1.6127400000000005
1.4549620841562225e+18,2.4510999999999994,-10.057840000000002,2.8841
1.4549620844062223e+18,-3.606509803921568,-1.7376862745098038,5.197843137254902
1.4549620846562225e+18,3.7987,-7.783399999999999,-5.33682
1.4549620849062223e+18,-3.0756600000000005,-4.93084,5.511220000000001
1.4549620851562225e+18,-2.40376,-12.98766,0.0219599999999998
1.4549620854062223e+18,1.0965961538461533,-9.426153846153843,-2.2479615384615386
1.4549620856562225e+18,-3.1968235294117644,-2.695901960784313,3.08056862745098
1.4549620859062223e+18,-0.897816326530612,-14.138346938775507,-1.8671020408163268
1.4549620861562225e+18,1.2634705882352943,-4.643117647058824,-4.154470588235294
1.4549620864062223e+18,2.90962,-8.81568,-1.90044
1.4549620866562225e+18,3.556807692307693,-7.206115384615386,-8.226461538461539
1.4549620869062223e+18,4.01424,-7.99766,-5.61828
1.4549620871562225e+18,5.343764705882354,-11.886019607843137,-1.9953921568627453
1.4549620874062223e+18,-1.7740784313725493,-5.461196078431372,0.0903921568627449
1.4549620876562225e+18,2.17994,-11.025859999999998,-2.56284
1.4549620879062223e+18,2.69014,-12.473999999999998,2.7559000000000005
1.4549620881562225e+18,-3.3333600000000003,-3.06158,1.23478
1.4549620884062223e+18,0.9074901960784312,-8.894627450980392,-3.3758431372549027
1.4549620886562225e+18,-0.89546,-11.623639999999998,2.62596
1.4549620889062223e+18,-3.68606,-3.28026,2.29562
1.4549620891562225e+18,5.126627450980392,-8.836980392156862,-4.175156862745098
1.4549620894062223e+18,-2.00364,-9.14696,3.63434
1.4549620896562225e+18,-3.72472,-8.3916,3.8394999999999992
1.4549620899062223e+18,6.57726,-9.064839999999998,-6.060499999999999
1.4549620901562225e+18,-4.202254901960785,-4.33878431372549,4.293666666666667
1.4549620904062223e+18,0.758156862745098,-12.809960784313724,0.5479803921568629
1.4549620906562225e+18,5.3380600000000005,-9.04462,-3.67728
1.4549620909062223e+18,-3.5513800000000004,-3.88096,2.56504
1.4549620911562225e+18,0.67866,-9.85,1.82674
1.4549620914062223e+18,5.19835294117647,-11.001588235294118,-1.862745098039216
1.4549620916562225e+18,-2.6333333333333337,-3.256823529411765,3.3401372549019603
1.4549620919062223e+18,1.647265306122449,-7.058755102040816,-2.6599795918367346
1.4549620921562225e+18,1.7639019607843132,-11.886960784313723,1.0333529411764704
1.4549620924062223e+18,-2.0684600000000004,-2.49074,3.1140599999999994
1.4549620926562225e+18,2.2575098039215686,-6.845392156862745,-3.684745098039216
1.4549620929062223e+18,-1.36430612244898,-9.884102040816328,3.510204081632653
1.4549620931562225e+18,-3.047788461538462,-2.998826923076923,2.8544615384615386
1.4549620934062223e+18,3.9528235294117633,-7.382392156862746,-4.727098039215686
1.4549620936562225e+18,-1.5854800000000002,-7.89632,4.3137
1.4549620939062223e+18,-3.33332,-8.80084,3.2079800000000005
1.4549620941562225e+18,7.982679999999999,-7.7921,-6.00072
1.4549620944062223e+18,-4.440607843137255,-4.987529411764705,4.182058823529411
1.4549620946562225e+18,1.3001800000000003,-11.80894,1.3374399999999995
1.4549620949062223e+18,4.90474,-9.7345,-3.1522600000000005
1.4549620951562225e+18,-2.716450980392157,-3.62156862745098,3.850980392156863
1.4549620954062223e+18,-0.6401600000000002,-9.56806,0.2989999999999997
1.4549620956562225e+18,3.516941176470589,-11.121607843137255,-0.2317254901960784
1.4549620959062223e+18,-2.9772857142857148,-2.6921632653061223,2.7152653061224497
1.4549620961562225e+18,1.611176470588235,-7.625588235294118,-3.0428235294117645
1.4549620964062223e+18,-0.71218,-9.5108,2.73174
1.4549620966562225e+18,-3.026607843137255,-2.510764705882353,3.319901960784314
1.4549620969062223e+18,4.03572,-8.19304,-5.023740000000001
1.4549620971562225e+18,-2.6817200000000003,-6.979279999999999,4.72986
1.4549620974062223e+18,-1.951058823529412,-9.927509803921568,2.7577450980392166
1.4549620976562225e+18,6.444352941176471,-8.494607843137254,-5.363686274509804
1.4549620979062223e+18,-5.468142857142856,-3.4687959183673462,4.711081632653062
1.4549620981562225e+18,2.1900588235294123,-11.521999999999998,0.6636666666666668
1.4549620984062223e+18,4.52448,-9.4937,-3.1068000000000007
1.4549620986562225e+18,-2.9827450980392163,-2.933803921568628,3.4336470588235293
1.4549620989062223e+18,-0.3732448979591836,-10.13473469387755,-0.5967755102040816
1.4549620991562225e+18,3.444686274509804,-11.71241176470588,0.2003333333333333
1.4549620994062223e+18,-2.653019607843137,-1.2477254901960784,3.7691372549019606
1.4549620996562225e+18,1.41994,-6.623419999999999,-4.3963
1.4549620999062223e+18,-0.0164081632653062,-8.759571428571428,3.66104081632653
1.4549621001562225e+18,-4.093579999999999,-4.26804,2.74444
1.4549621004062223e+18,6.275313725490196,-8.993294117647059,-4.291352941176471
1.4549621006562225e+18,-4.856120000000001,-4.58698,5.674459999999999
1.4549621009062223e+18,-0.6107199999999999,-10.86258,1.9691
1.4549621011562225e+18,6.936,-9.24444,-4.73446
1.4549621014062223e+18,-4.367607843137254,-3.5641372549019605,3.3572549019607845
1.4549621016562225e+18,0.3803137254901961,-9.35713725490196,1.5585490196078435
1.4549621019062223e+18,5.5029,-11.46874,-1.47656
1.4549621021562225e+18,-3.34948,-0.76772,3.2726800000000003
1.4549621024062223e+18,0.7432156862745097,-10.312588235294118,-1.7456862745098034
1.4549621026562225e+18,2.06068,-10.79832,1.53322
1.4549621029062223e+18,-2.941313725490196,-1.4419019607843138,3.685254901960785
1.4549621031562225e+18,2.9655,-7.756299999999999,-4.48916
1.4549621034062223e+18,-1.4927058823529409,-7.755156862745098,3.338509803921569
1.4549621036562225e+18,-4.692588235294117,-5.94686274509804,4.34178431372549
1.4549621039062223e+18,7.508632653061224,-8.508632653061225,-5.230734693877551
1.4549621041562225e+18,-5.499196078431373,-3.1534509803921567,5.055470588235294
1.4549621044062223e+18,1.26252,-11.6669,0.89376
1.4549621046562225e+18,5.366039215686275,-8.253745098039214,-3.631823529411765
1.4549621049062223e+18,-4.348897959183674,-3.151469387755102,3.1443877551020405
1.4549621051562225e+18,0.0026666666666667,-8.630176470588236,2.0885882352941176
1.4549621054062223e+18,4.305686274509803,-11.139980392156865,-0.829176470588235
1.4549621056562225e+18,-3.987320000000001,-0.8143399999999998,3.49886
1.4549621059062223e+18,2.60268,-9.45362,-2.44844
1.4549621061562225e+18,1.311235294117647,-12.485156862745097,0.9595686274509804
1.4549621064062223e+18,-3.67082,-2.595699999999999,3.53892
1.4549621066562225e+18,2.8588800000000005,-8.40294,-3.69192
1.4549621069062223e+18,0.3965400000000001,-8.88216,2.8283
1.4549621071562225e+18,-4.709254901960784,-4.193509803921569,3.43
1.4549621074062223e+18,6.876920000000001,-8.23096,-4.41164
1.4549621076562225e+18,-4.078450980392157,-5.596058823529412,5.096294117647059
1.4549621079062223e+18,-0.5318800000000001,-10.1047,1.4387
1.4549621081562225e+18,6.92848,-7.56442,-4.884440000000001
1.4549621084062223e+18,-5.237882352941177,-3.741333333333333,4.03643137254902
1.4549621086562225e+18,0.5748999999999996,-11.10472,3.15164
1.4549621089062223e+18,5.09984,-10.02096,-2.5594400000000004
1.4549621091562225e+18,-4.0084800000000005,-2.32644,4.20152
1.4549621094062223e+18,0.1836862745098038,-9.57286274509804,-0.8444313725490196
1.4549621096562225e+18,3.21268,-11.82954,0.96864
1.4549621099062223e+18,-2.79736,-2.06754,3.36474
1.4549621101562225e+18,2.918215686274509,-7.677823529411765,-2.653686274509804
1.4549621104062223e+18,-0.3230399999999999,-9.67072,2.85116
1.4549621106562225e+18,-4.90913725490196,-2.7830392156862747,3.93986274509804
1.4549621109062223e+18,6.29324,-8.53182,-4.14464
1.4549621111562225e+18,-3.776235294117647,-5.714960784313725,4.828333333333333
1.4549621114062223e+18,-1.5967254901960783,-10.372529411764706,2.8672745098039214
1.4549621116562225e+18,7.199300000000001,-8.4075,-5.37734
1.4549621119062223e+18,-6.09598,-3.06426,3.84838
1.4549621121562225e+18,0.26024,-11.255960000000002,2.76078
1.4549621124062223e+18,6.341901960784315,-9.9228431372549,-2.2910980392156866
1.4549621126562225e+18,-4.701440000000001,-1.12498,3.65774
1.4549621129062223e+18,2.09566,-9.915820000000002,-2.21474
1.4549621131562225e+18,2.9401960784313728,-9.611607843137255,1.7220980392156862
1.4549621134062223e+18,-3.73674,-2.49562,5.082479999999999
1.4549621136562225e+18,3.602019607843137,-7.049470588235294,-4.019745098039215
1.4549621139062223e+18,-2.81888,-5.59792,5.2502200000000006
1.4549621141562225e+18,-3.28702,-9.1459,4.047680000000001
1.4549621144062223e+18,8.573470588235296,-8.827450980392157,-6.023941176470588
1.4549621146562225e+18,-6.940079999999999,-2.5557,4.954020000000001
1.4549621149062223e+18,1.4914599999999996,-11.06552,1.9607600000000005
1.4549621151562225e+18,6.1524,-9.45792,-3.29042
1.4549621154062223e+18,-4.4254901960784325,-2.4881372549019605,4.477450980392157
1.4549621156562225e+18,0.264313725490196,-9.743921568627451,-0.4547058823529411
1.4549621159062223e+18,4.264163265306122,-12.032285714285717,0.5891428571428572
1.4549621161562225e+18,-4.526156862745098,-1.5447254901960783,3.9373921568627455
1.4549621164062223e+18,2.7755,-8.7025,-3.5062200000000003
1.4549621166562225e+18,0.4389411764705881,-9.688372549019608,2.310686274509804
1.4549621169062223e+18,-3.938612244897959,-2.5355714285714286,4.073632653061225
1.4549621171562225e+18,4.477509803921569,-9.47592156862745,-4.843058823529412
1.4549621174062223e+18,-2.610686274509804,-5.606980392156862,5.190333333333333
1.4549621176562225e+18,-2.5462,-10.01292,2.7836799999999995
1.4549621179062223e+18,7.712619999999999,-9.02276,-5.93796
1.4549621181562225e+18,-6.035156862745096,-3.2890392156862744,3.785392156862745
1.4549621184062223e+18,1.3557800000000002,-11.47674,2.33084
1.4549621186562225e+18,5.868200000000002,-10.31184,-2.5677000000000003
1.4549621189062223e+18,-3.9064509803921568,-2.332470588235294,3.4104117647058825
1.4549621191562225e+18,0.4918431372549021,-8.875294117647059,-0.4794901960784315
1.4549621194062223e+18,2.9472000000000005,-11.78752,1.26228
1.4549621196562225e+18,-3.3111960784313723,-1.9631372549019608,3.1641372549019606
1.4549621199062223e+18,2.5167200000000003,-7.997040000000001,-3.4944
1.4549621201562225e+18,-0.3204000000000001,-9.6731,4.16312
1.4549621204062223e+18,-5.880647058823529,-4.831078431372549,4.543372549019608
1.4549621206562225e+18,7.10112,-7.715700000000001,-4.75208
1.4549621209062223e+18,-4.009235294117647,-4.874254901960785,5.052941176470588
1.4549621211562225e+18,-1.2134901960784314,-11.092803921568631,2.53978431372549
1.4549621214062223e+18,6.7554509803921565,-8.627588235294118,-5.178705882352941
1.4549621216562225e+18,-5.162176470588236,-3.176490196078431,3.883568627450981
1.4549621219062223e+18,0.5052448979591838,-10.393857142857144,2.528469387755102
1.4549621221562225e+18,6.28872,-10.15342,-1.99794
1.4549621224062223e+18,-4.170254901960784,-2.391607843137255,2.989294117647059
1.4549621226562225e+18,1.1979999999999995,-9.291392156862743,-1.223235294117647
1.4549621229062223e+18,2.469142857142857,-10.44408163265306,1.8075918367346937
1.4549621231562225e+18,-4.074941176470589,-1.6554509803921569,3.9550784313725496
1.4549621234062223e+18,3.320960784313726,-6.983235294117648,-3.956686274509804
1.4549621236562225e+18,-1.1337058823529411,-8.73586274509804,3.66656862745098
1.4549621239062223e+18,-5.352372549019608,-5.6014509803921575,4.271235294117648
1.4549621241562225e+18,8.15882,-8.2059,-4.49378
1.4549621244062223e+18,-5.137235294117646,-4.5590392156862745,5.07529411764706
1.4549621246562225e+18,0.2027450980392155,-12.122196078431372,2.1608235294117644
1.4549621249062223e+18,6.839979591836735,-7.74634693877551,-5.009795918367347
1.4549621251562225e+18,-5.898901960784315,-4.033196078431373,3.12043137254902
1.4549621254062223e+18,1.43098,-11.57874,3.4466600000000005
1.4549621256562225e+18,4.9418235294117645,-10.09413725490196,-2.2131764705882357
1.4549621259062223e+18,-3.378836734693878,-2.9884285714285714,3.888673469387756
1.4549621261562225e+18,-0.2366274509803922,-8.380490196078432,0.9165882352941178
1.4549621264062223e+18,2.6323137254901963,-12.33327450980392,0.6962352941176471
1.4549621266562225e+18,-3.21756,-1.8085,3.34342
1.4549621269062223e+18,1.0171764705882351,-7.218078431372549,-2.0107843137254906
1.4549621271562225e+18,-0.27896,-10.34498,2.05184
1.4549621274062223e+18,-3.4633529411764705,-2.346980392156863,3.442745098039216
1.4549621276562225e+18,3.6084509803921576,-8.871450980392158,-3.973941176470589
1.4549621279062223e+18,-2.90534693877551,-7.745938775510204,4.561285714285714
1.4549621281562225e+18,-3.951607843137256,-8.419705882352941,3.1630392156862746
1.4549621284062223e+18,6.38404,-9.10608,-4.42628
1.4549621286562225e+18,-4.730960784313726,-6.562333333333333,4.876039215686275
1.4549621289062223e+18,-0.187204081632653,-9.803816326530614,1.6310000000000004
1.4549621291562225e+18,6.292588235294118,-9.308529411764706,-4.32807843137255
1.4549621294062223e+18,-5.661274509803922,-3.887019607843137,2.9230588235294115
1.4549621296562225e+18,-0.5425599999999998,-9.10186,2.39432
1.4549621299062223e+18,5.234240000000001,-11.13656,-0.4307999999999997
1.4549621301562225e+18,-3.4822307692307684,-3.948807692307692,2.794230769230769
1.4549621304062223e+18,-1.1039,-6.59752,-1.63982
1.4549621306562225e+18,1.4664509803921568,-11.392882352941175,3.215921568627452
1.4549621309062223e+18,-3.558632653061225,-1.293,2.5827142857142857
1.4549621311562225e+18,2.192058823529412,-8.26692156862745,-3.823294117647059
1.4549621314062223e+18,-2.9778653846153844,-5.935711538461538,4.707307692307692
1.4549621316562225e+18,-1.3189215686274507,-9.566607843137255,3.882215686274509
1.4549621319062223e+18,4.66376,-9.49728,-4.888820000000001
1.4549621321562225e+18,-4.140440000000001,-3.5153,3.73318
1.4549621324062223e+18,-1.1922199999999998,-9.666379999999998,0.7808800000000005
1.4549621326562225e+18,4.781235294117647,-11.31941176470588,-0.0073333333333334
1.4549621329062223e+18,-4.314137254901961,-2.2718039215686274,3.378921568627451
1.4549621331562225e+18,2.27934,-9.7018,-2.30152
1.4549621334062223e+18,0.5328823529411765,-9.592745098039211,2.194098039215686
1.4549621336562225e+18,-2.539803921568628,-3.099254901960784,3.1905294117647056
1.4549621339062223e+18,3.198428571428572,-8.414408163265305,-3.240244897959184
1.4549621341562225e+18,-1.5290588235294118,-8.876294117647058,3.9579215686274503
1.4549621344062223e+18,-5.14034,-4.66646,3.07384
1.4549621346562225e+18,6.111156862745097,-9.45750980392157,-4.335862745098039
1.4549621349062223e+18,-3.820960784313726,-5.739921568627451,3.306666666666667
1.4549621351562225e+18,-0.6296599999999998,-11.514320000000003,0.9363399999999998
1.4549621354062223e+18,8.093411764705882,-7.860509803921569,-4.734764705882353
1.4549621356562225e+18,-5.653939999999999,-2.83326,3.38246
1.4549621359062223e+18,0.9880204081632656,-11.004142857142856,1.228
1.4549621361562225e+18,5.900941176470588,-10.93272549019608,-1.4663137254901963
1.4549621364062223e+18,-3.9521,-1.94072,2.70484
1.4549621366562225e+18,1.254,-10.563788461538463,-1.4998076923076928
1.4549621369062223e+18,2.244081632653061,-11.118755102040817,1.7291020408163265
1.4549621371562225e+18,-3.3233725490196075,-1.7680980392156862,2.651529411764705
1.4549621374062223e+18,3.66938,-9.3168,-3.04798
1.4549621376562225e+18,0.4551568627450979,-7.61807843137255,3.0
1.4549621379062223e+18,-4.651079999999999,-4.79932,3.21686
1.4549621381562225e+18,8.563220000000001,-7.5081,-3.76544
1.4549621384062223e+18,-3.8622115384615383,-5.63453846153846,4.891057692307692
1.4549621386562225e+18,-0.1627799999999996,-10.49442,2.52078
1.4549621389062223e+18,8.22652,-8.32322,-4.751379999999999
1.4549621391562225e+18,-5.4239,-3.41372,3.84652
1.4549621394062223e+18,1.4491372549019603,-11.32941176470588,2.428901960784313
1.4549621396562225e+18,5.9824117647058825,-11.445764705882352,-1.0949215686274512
1.4549621399062223e+18,-3.695183673469389,-1.7313673469387758,4.120469387755102
1.4549621401562225e+18,0.7967058823529413,-7.440921568627452,-2.2284509803921573
1.4549621404062223e+18,2.68856,-9.70848,2.32638
1.4549621406562225e+18,-3.8824705882352943,-2.9172352941176465,3.761352941176471
1.4549621409062223e+18,5.00392,-9.01614,-4.13656
1.4549621411562225e+18,-2.31018,-7.43278,4.383559999999999
1.4549621414062223e+18,-3.0353921568627453,-8.427529411764706,3.845411764705884
1.4549621416562225e+18,9.95186,-8.23154,-6.0164
1.4549621419062223e+18,-6.39842,-3.539219999999999,5.00404
1.4549621421562225e+18,2.8149019607843138,-11.662607843137256,1.3638235294117649
1.4549621424062223e+18,7.454779999999999,-9.14578,-2.86628
1.4549621426562225e+18,-4.037411764705882,-3.0761568627450977,4.22821568627451
1.4549621429062223e+18,0.5531,-10.95958,-0.3062800000000001
1.4549621431562225e+18,5.58107843137255,-9.950176470588236,0.3933333333333333
1.4549621434062223e+18,-3.281540000000001,-1.96876,3.50172
1.4549621436562225e+18,3.29035294117647,-8.622294117647058,-2.7170392156862744
1.4549621439062223e+18,0.5707400000000004,-8.41902,2.88236
1.4549621441562225e+18,-3.6594,-4.20554,3.50936
1.4549621444062223e+18,6.863529411764704,-8.518372549019608,-3.7694509803921568
1.4549621446562225e+18,-3.43776,-6.35572,5.30832
1.4549621449062223e+18,-1.5813600000000003,-10.49522,2.83042
1.4549621451562225e+18,8.888450980392156,-8.627196078431373,-5.326607843137253
1.4549621454062223e+18,-4.972260000000001,-3.70824,3.16942
1.4549621456562225e+18,-0.1543921568627452,-12.444274509803922,2.8027647058823537
1.4549621459062223e+18,6.645571428571429,-10.185183673469387,-2.106367346938776
1.4549621461562225e+18,-4.3004,-2.81404,2.79576
1.4549621464062223e+18,0.9671538461538464,-10.893576923076925,-0.5349423076923077
1.4549621466562225e+18,3.853840000000001,-11.247399999999995,1.17214
1.4549621469062223e+18,-4.03182,-2.12432,3.66418
1.4549621471562225e+18,3.75746,-8.785019999999998,-3.204
1.4549621474062223e+18,-0.1372941176470586,-7.964078431372548,3.340019607843137
1.4549621476562225e+18,-5.2823,-5.86,3.02282
1.4549621479062223e+18,9.94992,-7.18414,-4.144839999999999
1.4549621481562225e+18,-6.137313725490197,-4.397549019607843,5.323941176470589
1.4549621484062223e+18,2.45766,-12.669060000000002,1.4996
1.4549621486562225e+18,7.361500000000001,-7.994059999999999,-4.549060000000001
1.4549621489062223e+18,-5.92088,-3.31688,3.57032
1.4549621491562225e+18,0.9157843137254902,-12.231392156862745,1.4698431372549023
1.4549621494062223e+18,6.114440000000001,-10.86464,-0.7731600000000001
1.4549621496562225e+18,-3.355843137254902,-2.988607843137255,3.204
1.4549621499062223e+18,1.1032399999999998,-8.59218,-2.16152
1.4549621501562225e+18,3.6087599999999993,-10.297319999999996,2.2035600000000004
1.4549621504062223e+18,-3.428173076923078,-2.2485576923076924,2.907711538461539
1.4549621506562225e+18,3.892980392156863,-8.994039215686273,-3.38921568627451
1.4549621509062223e+18,-0.2993921568627449,-8.874352941176472,3.3010196078431373
1.4549621511562225e+18,-3.80228,-6.075799999999999,3.64244
1.4549621514062223e+18,6.901529411764705,-8.579156862745098,-4.649117647058823
1.4549621516562225e+18,-3.781294117647058,-6.117274509803922,4.643235294117647
1.4549621519062223e+18,-0.4849591836734693,-10.47908163265306,2.111142857142857
1.4549621521562225e+18,7.72608,-8.107000000000001,-5.234259999999999
1.4549621524062223e+18,-5.509692307692309,-3.637365384615385,2.859807692307692
1.4549621526562225e+18,1.78422,-12.62416,2.3711
1.4549621529062223e+18,6.66538,-10.05866,-2.36644
1.4549621531562225e+18,-4.315119999999999,-3.671439999999999,4.11452
1.4549621534062223e+18,0.7014038461538461,-10.478019230769233,-0.8803461538461538
1.4549621536562225e+18,4.45954,-11.6149,0.4054800000000002
1.4549621539062223e+18,-3.04294,-2.74808,2.74304
1.4549621541562225e+18,2.661372549019608,-9.472823529411766,-2.425764705882353
1.4549621544062223e+18,1.53296,-9.9813,2.37928
1.4549621546562225e+18,-4.068730769230769,-2.75226923076923,2.953096153846153
1.4549621549062223e+18,6.573877551020408,-9.42061224489796,-4.298959183673468
1.4549621551562225e+18,-2.213313725490196,-7.375470588235293,3.723509803921569
1.4549621554062223e+18,-2.76022,-8.31042,2.97508
1.4549621556562225e+18,9.368745098039216,-8.503960784313724,-5.565470588235294
1.4549621559062223e+18,-6.949439999999999,-3.18798,5.2125
1.4549621561562225e+18,2.48972,-11.978739999999998,1.59738
1.4549621564062223e+18,6.768568627450979,-8.587843137254902,-3.912294117647059
1.4549621566562225e+18,-5.000299999999999,-2.8662,3.31344
1.4549621569062223e+18,0.8422199999999997,-11.248799999999996,0.4428600000000001
1.4549621571562225e+18,5.037607843137254,-11.205745098039214,-0.581019607843137
1.4549621574062223e+18,-2.9286200000000004,-1.7329799999999995,3.1189400000000003
1.4549621576562225e+18,1.205313725490196,-9.05119607843137,-1.979686274509804
1.4549621579062223e+18,1.545306122448979,-10.014489795918369,2.362714285714285
1.4549621581562225e+18,-4.240627450980392,-1.6114901960784311,3.64386274509804
1.4549621584062223e+18,5.466372549019607,-8.673607843137255,-3.979509803921568
1.4549621586562225e+18,-0.7742199999999997,-7.40966,4.08856
1.4549621589062223e+18,-4.062725490196079,-6.635058823529412,4.0858823529411765
1.4549621591562225e+18,8.786719999999999,-7.80122,-4.96658
1.4549621594062223e+18,-4.980411764705882,-5.0575294117647065,4.625333333333333
1.4549621596562225e+18,1.2836,-11.684440000000002,1.87502
1.4549621599062223e+18,7.826219999999999,-7.873959999999999,-4.63442
1.4549621601562225e+18,-5.521784313725491,-3.816509803921568,2.598607843137255
1.4549621604062223e+18,1.0089,-9.97542,2.74338
1.4549621606562225e+18,5.5392745098039216,-11.114607843137255,-0.8939019607843137
1.4549621609062223e+18,-3.02144,-2.90368,4.28882
1.4549621611562225e+18,1.03618,-9.24168,-1.1124599999999996
1.4549621614062223e+18,3.3608,-11.1729,0.90654
1.4549621616562225e+18,-2.8475294117647056,-1.070627450980392,2.986372549019608
1.4549621619062223e+18,2.8757000000000006,-8.17464,-2.85572
1.4549621621562225e+18,-0.07152,-9.9249,3.41988
1.4549621624062223e+18,-4.532392156862746,-4.352607843137255,3.690901960784314
1.4549621626562225e+18,6.412320000000001,-8.39102,-4.485899999999999
1.4549621629062223e+18,-3.1735799999999994,-6.936559999999998,4.69484
1.4549621631562225e+18,-2.8012941176470587,-8.978509803921568,3.848117647058823
1.4549621634062223e+18,8.1214,-7.338179999999999,-5.19866
1.4549621636562225e+18,-6.718431372549018,-4.380686274509804,4.514313725490196
1.4549621639062223e+18,0.5352448979591836,-13.125836734693875,2.4662040816326534
1.4549621641562225e+18,5.738333333333334,-9.15492156862745,-4.057098039215686
1.4549621644062223e+18,-5.694313725490197,-3.7298235294117648,2.3553333333333337
1.4549621646562225e+18,0.0268,-13.0486,3.3078000000000007
1.4549621649062223e+18,0.9734600000000004,-11.268140000000002,-2.68972
1.4549621651562225e+18,-2.7978000000000005,-2.23566,2.83912
1.4549621654062223e+18,-0.1317450980392155,-13.59007843137255,0.1870196078431374
1.4549621656562225e+18,4.479220000000001,-9.5222,0.7174799999999999
1.4549621659062223e+18,-2.711360000000001,-3.6305,0.9339999999999996
1.4549621661562225e+18,-0.777509803921569,-11.242372549019606,-0.9618235294117646
1.4549621664062223e+18,1.79232,-12.618739999999995,-1.0330999999999997
1.4549621666562225e+18,-1.00738,-3.464060000000001,0.96612
1.4549621669062223e+18,-0.9113921568627448,-9.62605882352941,1.6703137254901963
1.4549621671562225e+18,3.5736078431372547,-11.025196078431376,-0.4206862745098039
1.4549621674062223e+18,-3.0159607843137253,-3.768196078431373,-0.9127058823529411
1.4549621676562225e+18,-1.6103921568627453,-14.093549019607842,3.0426862745098044
1.4549621679062223e+18,3.02114,-9.71222,-0.3666400000000001
1.4549621681562225e+18,-2.3448400000000005,-5.01806,-0.00994
1.4549621684062223e+18,-1.2273333333333332,-12.919392156862743,3.047235294117647
1.4549621686562225e+18,2.77782,-10.24814,-2.45456
1.4549621689062223e+18,-3.29692,-4.2822,0.2072200000000003
1.4549621691562225e+18,-0.4480399999999999,-14.0101,2.9725399999999995
1.4549621694062223e+18,1.548725490196078,-10.276470588235297,-2.8945098039215686
1.4549621696562225e+18,-1.558846153846154,-3.8264615384615377,1.168480769230769
1.4549621699062223e+18,-1.2731224489795918,-11.295489795918368,0.241183673469388
1.4549621701562225e+18,-3.0431568627450987,-10.90829411764706,-3.711176470588235
1.4549621704062223e+18,-1.8723921568627453,-2.8722352941176466,0.3150784313725489
1.4549621706562225e+18,-0.6078199999999999,-15.42646,0.3803
1.4549621709062223e+18,3.3794,-10.2502,-1.3679599999999996
1.4549621711562225e+18,-2.0418,-4.40252,0.3269200000000001
1.4549621714062223e+18,-0.990078431372549,-12.17919607843137,2.2169215686274515
1.4549621716562225e+18,4.43328,-9.23218,-1.4662800000000002
1.4549621719062223e+18,-4.662139999999999,-4.835019999999999,0.8978800000000002
1.4549621721562225e+18,-1.2497450980392155,-11.176745098039216,1.6618039215686276
1.4549621724062223e+18,4.17426,-10.99832,-0.88338
1.4549621726562225e+18,-3.4349607843137258,-3.9701372549019616,2.016941176470588
1.4549621729062223e+18,0.1094599999999998,-10.22298,0.3375000000000001
1.4549621731562225e+18,4.5116,-11.611960000000002,-0.1006600000000001
1.4549621734062223e+18,-3.374333333333334,-2.90478431372549,2.693333333333334
1.4549621736562225e+18,0.2935000000000002,-7.881899999999998,-2.08442
1.4549621739062223e+18,3.10118,-10.95282,3.36472
1.4549621741562225e+18,-3.63442,-2.53294,1.9582999999999997
1.4549621744062223e+18,0.7358431372549018,-10.651901960784317,-3.1641568627450978
1.4549621746562225e+18,3.2982,-10.58696,3.93666
1.4549621749062223e+18,-4.28078431372549,-2.0372352941176466,1.699549019607843
1.4549621751562225e+18,3.0460799999999995,-11.431500000000002,-4.396459999999999
1.4549621754062223e+18,1.8950784313725488,-11.610176470588236,2.1669019607843136
1.4549621756562225e+18,-5.279627450980391,-4.141823529411765,0.9873529411764708
1.4549621759062223e+18,5.679448979591837,-9.76287755102041,-4.12195918367347
1.4549621761562225e+18,-2.2850196078431373,-8.579352941176468,4.237215686274509
1.4549621764062223e+18,-3.236588235294118,-7.844588235294118,3.490607843137256
1.4549621766562225e+18,9.20504,-7.89562,-5.298159999999999
1.4549621769062223e+18,-5.00884,-5.404839999999999,4.1451400000000005
1.4549621771562225e+18,0.5380400000000002,-12.50334,2.4334799999999994
1.4549621774062223e+18,6.869039215686274,-8.053490196078432,-4.980313725490197
1.4549621776562225e+18,-6.371039215686274,-3.5795294117647054,3.6730196078431376
1.4549621779062223e+18,2.2393,-13.4785,1.81496
1.4549621781562225e+18,5.886647058823529,-10.343372549019607,-2.4007843137254907
1.4549621784062223e+18,-4.52914,-3.35346,2.8215599999999994
1.4549621786562225e+18,1.2428627450980392,-10.809941176470591,0.2679215686274509
1.4549621789062223e+18,5.613419999999999,-11.43482,-0.1671199999999999
1.4549621791562225e+18,-3.5224,-3.56536,3.42504
1.4549621794062223e+18,1.7433137254901965,-9.097078431372548,-2.112549019607844
1.4549621796562225e+18,2.811200000000001,-11.49286,2.10046
1.4549621799062223e+18,-3.6599,-2.70778,2.59984
1.4549621801562225e+18,2.82096,-9.38374,-2.93718
1.4549621804062223e+18,0.7538627450980394,-10.769313725490196,2.628117647058824
1.4549621806562225e+18,-3.968529411764706,-3.329117647058824,2.3766078431372546
1.4549621809062223e+18,5.772489795918367,-8.989408163265308,-3.801408163265306
1.4549621811562225e+18,-2.335,-8.292607843137256,4.084529411764706
1.4549621814062223e+18,-3.1609607843137257,-8.449901960784313,2.995137254901961
1.4549621816562225e+18,7.329470588235297,-9.187823529411764,-4.497156862745097
1.4549621819062223e+18,-6.343551020408162,-4.365061224489796,4.924979591836735
1.4549621821562225e+18,0.2970392156862743,-12.244725490196076,1.9036274509803923
1.4549621824062223e+18,6.168039215686275,-9.750843137254902,-4.2010000000000005
1.4549621826562225e+18,-5.34836,-3.34442,2.7949199999999994
1.4549621829062223e+18,-0.1096470588235294,-12.370039215686276,2.082627450980392
1.4549621831562225e+18,6.033520000000001,-11.25922,-0.4852800000000002
1.4549621834062223e+18,-3.8409607843137263,-3.443980392156863,2.657352941176471
1.4549621836562225e+18,0.6790799999999999,-10.746000000000002,-1.47866
1.4549621839062223e+18,2.909846153846153,-11.567807692307689,1.3823076923076922
1.4549621841562225e+18,-4.299411764705883,-2.994588235294118,2.135
1.4549621844062223e+18,2.64056,-10.0827,-2.34164
1.4549621846562225e+18,0.0641764705882353,-10.87356862745098,2.9804509803921566
1.4549621849062223e+18,-4.81468,-4.24928,2.6101
1.4549621851562225e+18,6.54164,-8.66196,-4.46706
1.4549621854062223e+18,-2.8240588235294117,-8.182745098039215,4.056529411764707
1.4549621856562225e+18,-3.867939999999999,-8.87472,3.6204
1.4549621859062223e+18,9.056739999999998,-9.03042,-4.85482
1.4549621861562225e+18,-6.05882,-4.44456,4.6744
1.4549621864062223e+18,0.2207058823529411,-13.196000000000002,2.213137254901961
1.4549621866562225e+18,7.902019607843138,-8.374392156862745,-4.732058823529412
1.4549621869062223e+18,-5.2628367346938765,-3.2615918367346937,2.4244489795918365
1.4549621871562225e+18,1.174313725490196,-12.51735294117647,3.507843137254901
1.4549621874062223e+18,5.779260000000001,-9.1367,-2.484219999999999
1.4549621876562225e+18,-4.172137254901961,-2.8738039215686277,3.058254901960785
1.4549621879062223e+18,0.1549795918367348,-9.782489795918368,0.842857142857143
1.4549621881562225e+18,4.291843137254903,-11.486764705882354,-0.145470588235294
1.4549621884062223e+18,-2.564745098039216,-2.34,2.4799215686274514
1.4549621886562225e+18,-0.51304,-8.98444,-1.18146
1.4549621889062223e+18,1.91584,-11.37832,1.5326400000000004
1.4549621891562225e+18,-3.0021,-0.8345399999999995,2.9063000000000003
1.4549621894062223e+18,1.690313725490196,-9.948313725490197,-2.1989019607843137
1.4549621896562225e+18,0.0882599999999999,-10.74516,2.90938
1.4549621899062223e+18,-4.103,-1.39864,3.64226
1.4549621901562225e+18,4.482745098039216,-9.782686274509803,-4.16443137254902
1.4549621904062223e+18,-1.46022,-8.82496,4.127280000000001
1.4549621906562225e+18,-4.572607843137255,-6.177254901960784,3.608941176470588
1.4549621909062223e+18,8.132372549019607,-8.059313725490197,-5.064254901960785
1.4549621911562225e+18,-4.74852,-5.711159999999999,4.260439999999999
1.4549621914062223e+18,-0.63426,-11.23322,2.42946
1.4549621916562225e+18,7.619960784313727,-8.687235294117647,-5.655862745098038
1.4549621919062223e+18,-6.747039999999999,-3.02946,4.18428
1.4549621921562225e+18,2.78864,-13.0133,2.1341400000000004
1.4549621924062223e+18,6.467490196078432,-8.631941176470589,-3.491666666666667
1.4549621926562225e+18,-5.116941176470588,-2.652607843137255,3.3064509803921567
1.4549621929062223e+18,1.1781836734693876,-10.769571428571428,1.1486326530612243
1.4549621931562225e+18,6.678788461538463,-9.61275,-0.9517884615384614
1.4549621934062223e+18,-3.875,-2.80962,2.94656
1.4549621936562225e+18,0.2740384615384617,-8.176115384615384,-1.5360192307692309
1.4549621939062223e+18,2.962428571428571,-11.813,1.679469387755102
1.4549621941562225e+18,-3.8610384615384623,-1.9783461538461535,2.494019230769231
1.4549621944062223e+18,1.939254901960784,-8.687352941176469,-1.614941176470588
1.4549621946562225e+18,1.50408,-10.55022,2.44378
1.4549621949062223e+18,-3.39038,-1.7368599999999998,3.81832
1.4549621951562225e+18,3.72122,-8.76318,-3.393
1.4549621954062223e+18,-0.8347058823529411,-9.39956862745098,3.462509803921569
1.4549621956562225e+18,-3.91614,-3.61718,3.1803
1.4549621959062223e+18,6.34188,-8.2388,-3.5307599999999995
1.4549621961562225e+18,-4.357568627450981,-6.537725490196078,4.376725490196078
1.4549621964062223e+18,-0.97066,-9.41296,2.661120000000001
1.4549621966562225e+18,5.919431372549019,-8.825274509803922,-5.025274509803922
1.4549621969062223e+18,-4.87398,-3.9435599999999993,2.43968
1.4549621971562225e+18,-1.1128000000000002,-11.315859999999995,3.32418
1.4549621974062223e+18,4.36648,-9.28956,-3.3371599999999995
1.4549621976562225e+18,-4.677490196078431,-4.09178431372549,1.950588235294118
1.4549621979062223e+18,0.8521599999999998,-11.717899999999997,4.03148
1.4549621981562225e+18,4.8427,-9.41284,-1.77274
1.4549621984062223e+18,-4.541568627450981,-4.117490196078431,2.3307647058823533
1.4549621986562225e+18,-0.4281960784313723,-11.347921568627452,1.827980392156863
1.4549621989062223e+18,3.934081632653061,-10.730836734693876,-1.1305714285714288
1.4549621991562225e+18,-4.816179999999999,-4.14644,4.00292
1.4549621994062223e+18,1.2368235294117649,-11.11043137254902,-1.7008823529411763
1.4549621996562225e+18,1.5652549019607844,-12.664450980392155,1.8319607843137256
1.4549621999062223e+18,-4.0385,-2.7442400000000005,2.40592
1.4549622001562225e+18,1.2969,-9.63254,-1.0720199999999998
1.4549622004062223e+18,0.9921960784313726,-12.414686274509805,1.925803921568628
1.4549622006562225e+18,-3.02286,-2.50782,1.3300799999999997
1.4549622009062223e+18,1.67656,-9.44092,0.1999599999999999
1.4549622011562225e+18,1.6175098039215683,-11.99341176470588,1.1381176470588237
1.4549622014062223e+18,-2.84244,-1.1947399999999997,2.7566
1.4549622016562225e+18,2.0631372549019606,-9.42778431372549,-1.3638235294117649
1.4549622019062223e+18,1.4352040816326532,-10.898448979591835,2.644
1.4549622021562225e+18,-3.558980392156863,-0.90678431372549,3.801529411764706
1.4549622024062223e+18,3.02608,-7.732900000000001,-3.8825
1.4549622026562225e+18,-1.6136470588235294,-9.027843137254902,4.164784313725491
1.4549622029062223e+18,-5.69556,-3.5070200000000007,3.4216799999999994
1.4549622031562225e+18,4.482279999999999,-8.84812,-4.31066
1.4549622034062223e+18,-2.669666666666667,-7.719352941176472,3.9072549019607847
1.4549622036562225e+18,-5.7734000000000005,-8.33358,3.1980599999999995
1.4549622039062223e+18,8.83482,-9.45084,-4.14764
1.4549622041562225e+18,-6.0031,-4.3622000000000005,5.17404
1.4549622044062223e+18,-3.1974901960784314,-10.628333333333336,3.920803921568628
1.4549622046562225e+18,7.813509803921568,-7.266274509803921,-5.6690000000000005
1.4549622049062223e+18,-8.086877551020407,-2.8189795918367344,4.450020408163265
1.4549622051562225e+18,-0.0189019607843137,-12.488803921568628,3.1305686274509807
1.4549622054062223e+18,4.073249999999999,-8.782326923076925,-3.8563461538461534
1.4549622056562225e+18,-5.5501,-2.10326,3.4468800000000006
1.4549622059062223e+18,-0.1931428571428572,-11.30077551020408,3.6776326530612247
1.4549622061562225e+18,5.375901960784315,-9.247235294117647,-2.322745098039216
1.4549622064062223e+18,-4.938490196078432,-2.836647058823529,4.025647058823529
1.4549622066562225e+18,-1.6324,-7.54136,0.3203600000000003
1.4549622069062223e+18,3.2976470588235296,-11.47770588235294,0.7880980392156861
1.4549622071562225e+18,-4.72954,-2.3920799999999995,4.3554200000000005
1.4549622074062223e+18,0.0175490196078429,-6.491156862745098,-1.470235294117647
1.4549622076562225e+18,2.73706,-11.273059999999996,1.9888
1.4549622079062223e+18,-4.9227647058823525,-1.557627450980392,4.23386274509804
1.4549622081562225e+18,2.0094313725490194,-6.718941176470588,-3.1605882352941177
1.4549622084062223e+18,-0.1566470588235294,-9.997176470588231,3.286588235294118
1.4549622086562225e+18,-5.751372549019608,-2.311254901960784,3.649019607843137
1.4549622089062223e+18,6.1873000000000005,-6.72404,-3.462419999999999
1.4549622091562225e+18,-4.07892,-6.135059999999999,5.208819999999999
1.4549622094062223e+18,-3.87702,-8.13376,5.16112
1.4549622096562225e+18,8.626450980392155,-7.864411764705882,-6.345529411764705
1.4549622099062223e+18,-8.1783,-1.80342,5.41282
1.4549622101562225e+18,0.8034600000000001,-12.0929,2.64422
1.4549622104062223e+18,4.996235294117647,-7.143196078431372,-4.151941176470588
1.4549622106562225e+18,-5.764372549019607,-3.0969999999999995,3.989666666666666
1.4549622109062223e+18,0.1247142857142856,-10.778,2.092265306122449
1.4549622111562225e+18,5.1574117647058815,-10.715607843137256,-0.6735294117647056
1.4549622114062223e+18,-4.90386,-1.10454,3.73816
1.4549622116562225e+18,-0.4571176470588233,-7.768666666666666,-0.3590196078431374
1.4549622119062223e+18,3.254408163265306,-11.59565306122449,1.6073265306122446
1.4549622121562225e+18,-5.351196078431374,-1.46478431372549,4.313137254901961
1.4549622124062223e+18,2.014294117647059,-6.496313725490195,-2.520980392156863
1.4549622126562225e+18,0.28856,-10.253879999999995,3.3469800000000003
1.4549622129062223e+18,-5.16534,-1.98738,4.72614
1.4549622131562225e+18,4.950529411764706,-7.1451568627450985,-4.062372549019608
1.4549622134062223e+18,-3.1210000000000004,-7.055060000000001,5.599
1.4549622136562225e+18,-4.872764705882353,-8.353470588235293,4.315078431372549
1.4549622139062223e+18,8.924469387755101,-8.384408163265306,-6.156040816326532
1.4549622141562225e+18,-7.22572549019608,-3.1164705882352948,4.608725490196079
1.4549622144062223e+18,0.4647200000000002,-11.58724,2.6855999999999995
1.4549622146562225e+18,6.877882352941176,-8.112549019607844,-3.9208627450980393
1.4549622149062223e+18,-5.515960784313727,-2.749196078431372,6.077862745098039
1.4549622151562225e+18,-1.2045400000000002,-7.490939999999999,0.53794
1.4549622154062223e+18,5.298019607843138,-11.568901960784316,1.524372549019608
1.4549622156562225e+18,-5.972799999999999,-1.91446,5.158
1.4549622159062223e+18,0.6688599999999998,-4.88906,-3.12108
1.4549622161562225e+18,1.2350199999999998,-10.34896,3.52556
1.4549622164062223e+18,-4.537019607843138,-2.578176470588234,4.566196078431372
1.4549622166562225e+18,3.314647058823529,-7.407235294117646,-3.960509803921569
1.4549622169062223e+18,-4.050408163265305,-6.186877551020408,5.195346938775511
1.4549622171562225e+18,-4.200156862745098,-8.997372549019607,4.249941176470588
1.4549622174062223e+18,8.2402,-7.964899999999999,-6.31026
1.4549622176562225e+18,-7.229901960784314,-3.039862745098039,3.5582941176470597
1.4549622179062223e+18,0.7913469387755104,-12.052183673469388,3.5239387755102043
1.4549622181562225e+18,5.197352941176471,-8.677039215686275,-2.252039215686275
1.4549622184062223e+18,-4.110803921568627,-2.7425490196078437,3.684725490196078
1.4549622186562225e+18,-1.16134,-7.17202,0.9433199999999996
1.4549622189062223e+18,4.93534,-11.120539999999998,1.5800199999999998
1.4549622191562225e+18,-4.50906,-1.77018,2.84716
1.4549622194062223e+18,0.5733725490196081,-5.5663921568627455,-1.643294117647059
1.4549622196562225e+18,0.9160392156862748,-10.555274509803926,3.1195490196078435
1.4549622199062223e+18,-4.864857142857143,-1.2087551020408165,4.362612244897959
1.4549622201562225e+18,4.186980392156864,-7.457235294117647,-4.2462156862745095
1.4549622204062223e+18,-1.98198,-8.210879999999998,5.232340000000001
1.4549622206562225e+18,-5.634392156862746,-4.748176470588235,4.6086470588235295
1.4549622209062223e+18,7.611140000000001,-7.75274,-4.32272
1.4549622211562225e+18,-5.49664,-4.580079999999999,5.23382
1.4549622214062223e+18,-1.368588235294118,-9.833960784313724,2.2834313725490194
1.4549622216562225e+18,6.79968,-7.01708,-5.30198
1.4549622219062223e+18,-7.22536,-2.19592,4.617539999999999
1.4549622221562225e+18,0.2241599999999999,-11.05684,3.62324
1.4549622224062223e+18,6.283549019607843,-8.105823529411765,-3.581627450980392
1.4549622226562225e+18,-5.529705882352942,-3.5522549019607843,4.310352941176471
1.4549622229062223e+18,0.4367800000000003,-9.43036,-0.2802800000000002
1.4549622231562225e+18,4.80944,-11.81768,0.1263199999999998
1.4549622234062223e+18,-4.344431372549019,-2.050156862745097,4.217745098039216
1.4549622236562225e+18,0.6131372549019608,-6.965509803921568,-1.6777254901960783
1.4549622239062223e+18,1.9800204081632653,-10.621591836734693,3.2081632653061223
1.4549622241562225e+18,-4.217176470588235,-1.6018039215686275,3.844
1.4549622244062223e+18,2.182941176470588,-7.535509803921568,-3.890764705882353
1.4549622246562225e+18,-0.3023800000000001,-9.05638,4.02416
1.4549622249062223e+18,-4.17346,-3.39788,3.64938
1.4549622251562225e+18,5.221196078431373,-7.950470588235293,-3.5339803921568627
1.4549622254062223e+18,-3.74678,-6.58136,4.5888800000000005
1.4549622256562225e+18,-2.4723137254901952,-8.458470588235294,3.05656862745098
1.4549622259062223e+18,7.190530612244898,-7.738122448979591,-5.578102040816327
1.4549622261562225e+18,-5.357745098039217,-2.586196078431372,3.247862745098039
1.4549622264062223e+18,-1.4523200000000005,-11.06462,3.72876
1.4549622266562225e+18,5.010235294117646,-10.787745098039217,-3.506137254901961
1.4549622269062223e+18,-4.10558,-3.5631600000000003,4.603540000000001
1.4549622271562225e+18,-0.0418399999999999,-9.44896,0.7739199999999995
1.4549622274062223e+18,5.751580000000001,-10.30562,-0.0712799999999999
1.4549622276562225e+18,-3.652826923076923,-3.80475,2.933634615384615
1.4549622279062223e+18,-0.7251020408163267,-7.773714285714285,-0.2195306122448979
1.4549622281562225e+18,3.73914,-11.560440000000002,1.0223399999999998
1.4549622284062223e+18,-3.537666666666666,-2.0623137254901955,2.5125686274509804
1.4549622286562225e+18,0.06808,-7.125780000000001,-0.6247600000000001
1.4549622289062223e+18,1.92128,-11.645480000000004,2.13702
1.4549622291562225e+18,-3.4380588235294125,-1.7974313725490196,2.7580980392156857
1.4549622294062223e+18,0.9598400000000002,-8.60576,-0.8481599999999999
1.4549622296562225e+18,1.3506078431372546,-11.106019607843136,2.3832549019607847
1.4549622299062223e+18,-3.6778431372549023,-0.976019607843137,3.739254901960785
1.4549622301562225e+18,2.26904,-10.08544,-2.81686
1.4549622304062223e+18,-0.5057647058823527,-11.745274509803922,2.612274509803921
1.4549622306562225e+18,-3.28682,-3.4342200000000007,2.4921799999999994
1.4549622309062223e+18,4.306705882352942,-9.721803921568627,-1.3740784313725491
1.4549622311562225e+18,-2.089431372549019,-11.42198039215686,2.567705882352941
1.4549622314062223e+18,-3.88718,-2.90914,3.3607600000000004
1.4549622316562225e+18,7.226156862745099,-7.59937254901961,-1.989627450980392
1.4549622319062223e+18,-3.339,-9.646244897959184,3.1271428571428577
1.4549622321562225e+18,-4.138901960784313,-2.60243137254902,4.080196078431373
1.4549622324062223e+18,5.796117647058824,-7.271235294117647,-3.908470588235294
1.4549622326562225e+18,-4.87062,-7.431059999999999,4.340680000000001
1.4549622329062223e+18,-4.56684,-7.86694,4.04166
1.4549622331562225e+18,7.42498,-6.55484,-5.138720000000001
1.4549622334062223e+18,-5.260176470588236,-5.27435294117647,4.981745098039215
1.4549622336562225e+18,-3.2615294117647062,-10.386941176470586,3.317313725490196
1.4549622339062223e+18,7.960061224489795,-6.750877551020408,-4.678061224489796
1.4549622341562225e+18,-7.715372549019608,-3.1832352941176465,3.5772352941176475
1.4549622344062223e+18,-0.3460799999999999,-13.285700000000002,2.8798000000000004
1.4549622346562225e+18,5.262549019607843,-7.969235294117647,-4.257901960784314
1.4549622349062223e+18,-5.819040816326531,-2.8990816326530613,3.740428571428572
1.4549622351562225e+18,-0.1157199999999999,-11.09268,3.75434
1.4549622354062223e+18,3.922557692307693,-10.02778846153846,-2.2824423076923077
1.4549622356562225e+18,-4.26658,-1.5441199999999995,4.746079999999999
1.4549622359062223e+18,-1.05528,-9.81732,0.2342599999999998
1.4549622361562225e+18,3.84078431372549,-11.355509803921567,0.7570000000000001
1.4549622364062223e+18,-4.655862745098039,-3.035725490196078,4.387470588235294
1.4549622366562225e+18,0.6129800000000002,-7.3989,-1.91794
1.4549622369062223e+18,1.94348,-11.36856,1.55526
1.4549622371562225e+18,-4.737647058823529,-0.0454313725490192,4.206784313725491
1.4549622374062223e+18,1.297,-5.434920000000001,-3.00896
1.4549622376562225e+18,-0.9288235294117646,-10.05462745098039,3.575980392156863
1.4549622379062223e+18,-4.780079999999999,-1.77356,4.47042
1.4549622381562225e+18,4.03348,-7.415640000000001,-3.6321
1.4549622384062223e+18,-1.75604,-9.56808,4.02362
1.4549622386562225e+18,-5.628019607843136,-4.1647647058823525,4.109588235294118
1.4549622389062223e+18,6.577459999999999,-7.147239999999999,-4.041919999999999
1.4549622391562225e+18,-4.414509803921568,-5.820333333333333,5.597254901960784
1.4549622394062223e+18,-3.5996470588235296,-10.215039215686277,3.111941176470588
1.4549622396562225e+18,7.550720000000001,-6.497539999999999,-4.92212
1.4549622399062223e+18,-7.135339999999999,-3.4261399999999997,3.4751800000000004
1.4549622401562225e+18,0.0178799999999999,-12.20126,2.6965
1.4549622404062223e+18,5.019588235294116,-7.710607843137256,-4.02635294117647
1.4549622406562225e+18,-6.053901960784314,-2.6129019607843134,3.8552549019607847
1.4549622409062223e+18,-0.4347142857142859,-11.241755102040816,4.095469387755101
1.4549622411562225e+18,4.83644,-8.542,-2.4146
1.4549622414062223e+18,-5.3254339622641504,-3.347490566037736,4.286584905660377
1.4549622416562225e+18,-1.2936,-8.26276,0.7485600000000003
1.4549622419062223e+18,4.24202,-11.61592,-0.3167199999999999
1.4549622421562225e+18,-4.38566,-2.90004,3.99488
1.4549622424062223e+18,-0.2066666666666667,-6.060568627450982,-0.0278235294117648
1.4549622426562225e+18,2.54656,-11.64418,1.2417400000000005
1.4549622429062223e+18,-4.90228,-2.5824000000000003,3.49254
1.4549622431562225e+18,1.0872156862745102,-6.759862745098039,-1.2682352941176471
1.4549622434062223e+18,0.5451599999999999,-11.33494,3.1363600000000003
1.4549622436562225e+18,-5.151509803921568,-1.6609215686274506,5.0504509803921565
1.4549622439062223e+18,3.3870000000000005,-7.607470588235294,-3.3253137254901963
1.4549622441562225e+18,-2.2308000000000003,-9.84664,4.684819999999999
1.4549622444062223e+18,-6.006705882352939,-4.254549019607842,4.713235294117647
1.4549622446562225e+18,6.791680000000001,-7.901899999999999,-3.508
1.4549622449062223e+18,-4.5038800000000005,-5.551159999999999,4.902500000000001
1.4549622451562225e+18,-4.24592,-9.937259999999998,4.636939999999999
1.4549622454062223e+18,8.20149019607843,-7.525235294117647,-5.3693333333333335
1.4549622456562225e+18,-7.265529411764707,-3.3076274509803927,3.978941176470588
1.4549622459062223e+18,-0.4574489795918366,-12.254551020408162,3.1034081632653057
1.4549622461562225e+18,4.973274509803921,-7.902294117647059,-3.6695882352941176
1.4549622464062223e+18,-6.100660000000001,-2.8095800000000004,3.20392
1.4549622466562225e+18,0.503686274509804,-12.03570588235294,4.055901960784313
1.4549622469062223e+18,4.55796,-9.55366,-2.63162
1.4549622471562225e+18,-4.667882352941176,-2.513117647058823,4.183411764705882
1.4549622474062223e+18,-0.429980392156863,-9.799039215686276,1.0369803921568632
1.4549622476562225e+18,4.60758,-11.750199999999998,0.3230600000000001
1.4549622479062223e+18,-4.60634,-2.81356,3.72886
1.4549622481562225e+18,-0.3938399999999999,-5.97738,-0.3245799999999997
1.4549622484062223e+18,2.7641764705882355,-11.11821568627451,1.8561176470588236
1.4549622486562225e+18,-5.45692,-2.668,2.584719999999999
1.4549622489062223e+18,1.5500600000000002,-7.269780000000001,-0.86906
1.4549622491562225e+18,-0.3243137254901961,-10.68570588235294,2.5040588235294114
1.4549622494062223e+18,-4.7447,-0.67108,4.321140000000001
1.4549622496562225e+18,3.8901764705882353,-7.296607843137255,-3.792627450980392
1.4549622499062223e+18,-1.5226,-9.63278,3.83232
1.4549622501562225e+18,-5.5457,-3.919299999999999,4.010660000000001
1.4549622504062223e+18,5.909860000000001,-7.712379999999999,-4.14096
1.4549622506562225e+18,-2.832529411764706,-7.773274509803921,4.46135294117647
1.4549622509062223e+18,-5.622899999999999,-4.910299999999999,5.3479600000000005
1.4549622511562225e+18,6.7236400000000005,-6.183400000000001,-5.44442
1.4549622514062223e+18,-5.1924705882352935,-5.443882352941177,4.522372549019608
1.4549622516562225e+18,-3.0288235294117647,-9.989921568627452,3.9309411764705886
1.4549622519062223e+18,7.145020000000001,-7.561520000000001,-5.75366
1.4549622521562225e+18,-7.026254901960783,-2.469039215686274,3.8929019607843127
1.4549622524062223e+18,-1.0904400000000003,-12.551539999999996,4.2536
1.4549622526562225e+18,3.64835294117647,-7.704156862745098,-3.210313725490196
1.4549622529062223e+18,-6.015714285714285,-3.0540816326530607,2.266020408163265
1.4549622531562225e+18,-0.6803921568627449,-11.013568627450978,4.545960784313725
1.4549622534062223e+18,3.97343137254902,-9.070450980392156,-1.907686274509804
1.4549622536562225e+18,-4.02856,-2.5126599999999994,2.08002
1.4549622539062223e+18,0.5114599999999999,-11.436240000000003,2.7233
1.4549622541562225e+18,3.48708,-9.43462,-1.3999400000000002
1.4549622544062223e+18,-3.351307692307692,-2.9377500000000003,2.7586730769230767
1.4549622546562225e+18,-1.4922000000000002,-6.2507,1.03766
1.4549622549062223e+18,5.09128,-10.636220000000002,-0.1294000000000001
1.4549622551562225e+18,-3.791019607843137,-2.832313725490196,2.6238823529411763
1.4549622554062223e+18,-1.3600000000000003,-7.06702,-0.71238
1.4549622556562225e+18,2.836057692307693,-11.336057692307694,1.199846153846154
1.4549622559062223e+18,-4.44214,-1.80562,3.36004
1.4549622561562225e+18,1.3072400000000002,-9.039820000000002,-1.80322
1.4549622564062223e+18,1.36266,-11.009860000000002,1.85352
1.4549622566562225e+18,-4.586274509803923,-0.8853921568627451,3.7978431372549024
1.4549622569062223e+18,1.8111200000000005,-6.410220000000001,-2.19368
1.4549622571562225e+18,-0.4221000000000001,-9.8877,2.57934
1.4549622574062223e+18,-4.801392156862745,-2.609156862745098,3.452235294117647
1.4549622576562225e+18,3.7998,-8.189879999999999,-3.85376
1.4549622579062223e+18,-2.8818399999999995,-7.718199999999999,4.8579
1.4549622581562225e+18,-5.1064509803921565,-5.298647058823529,3.787627450980392
1.4549622584062223e+18,7.20422,-6.359100000000001,-4.8431
1.4549622586562225e+18,-4.040549019607843,-7.435274509803921,4.188803921568627
1.4549622589062223e+18,-4.897877551020408,-7.648938775510204,4.078306122448979
1.4549622591562225e+18,8.993098039215687,-7.314529411764706,-5.055588235294117
1.4549622594062223e+18,-6.328943396226416,-4.309509433962264,3.954094339622641
1.4549622596562225e+18,-1.37198,-11.846440000000005,2.49958
1.4549622599062223e+18,7.66198,-7.27696,-3.95596
1.4549622601562225e+18,-7.5952,-3.1122,4.23456
1.4549622604062223e+18,0.4278235294117648,-11.209313725490196,1.6277058823529411
1.4549622606562225e+18,5.4424,-8.05208,-4.21242
1.4549622609062223e+18,-5.416120000000001,-2.457,4.07856
1.4549622611562225e+18,0.5328431372549021,-9.669254901960784,2.0512156862745097
1.4549622614062223e+18,5.838140000000001,-10.31718,-1.0945399999999998
1.4549622616562225e+18,-4.758392156862746,-1.8285882352941176,3.8160196078431374
1.4549622619062223e+18,-0.7331020408163265,-7.442142857142857,-1.2283469387755104
1.4549622621562225e+18,4.4383333333333335,-10.859509803921569,1.3301176470588238
1.4549622624062223e+18,-4.3065686274509805,-0.4481960784313723,4.149098039215686
1.4549622626562225e+18,0.4056999999999998,-5.3251,-2.2878
1.4549622629062223e+18,1.4247254901960784,-9.395411764705882,2.6646274509803924
1.4549622631562225e+18,-5.0271,-0.6148399999999999,4.5865800000000005
1.4549622634062223e+18,2.556788461538462,-6.136519230769232,-3.8470769230769215
1.4549622636562225e+18,-2.8900588235294125,-6.3067843137254895,5.045450980392157
1.4549622639062223e+18,-5.378632653061224,-5.680734693877549,4.125571428571429
1.4549622641562225e+18,8.325980392156861,-7.008196078431372,-4.484686274509804
1.4549622644062223e+18,-6.26408,-3.62038,5.12954
1.4549622646562225e+18,-0.7034313725490194,-10.211019607843136,2.8741960784313725
1.4549622649062223e+18,7.190346938775509,-7.353183673469387,-4.949714285714286
1.4549622651562225e+18,-6.845549019607843,-2.9419999999999997,4.799078431372549
1.4549622654062223e+18,-0.2490588235294114,-8.43756862745098,2.5496666666666665
1.4549622656562225e+18,6.649780000000001,-10.846640000000004,-1.2401199999999997
1.4549622659062223e+18,-5.26636,-2.41188,4.69558
1.4549622661562225e+18,0.4328799999999996,-6.42672,-1.27334
1.4549622664062223e+18,2.785607843137255,-9.7881568627451,2.468156862745098
1.4549622666562225e+18,-4.894640000000001,-1.4302,4.5517
1.4549622669062223e+18,3.209480000000001,-5.667719999999999,-3.77596
1.4549622671562225e+18,-2.6320384615384613,-7.091519230769231,5.113038461538462
1.4549622674062223e+18,-4.7734,-5.0396,5.22932
1.4549622676562225e+18,8.9222,-7.503319999999999,-6.14408
1.4549622679062223e+18,-7.68743137254902,-2.905529411764705,4.825254901960784
1.4549622681562225e+18,1.4576470588235295,-10.958490196078433,1.893823529411765
1.4549622684062223e+18,6.020079999999999,-8.86132,-2.3870400000000003
1.4549622686562225e+18,-5.78725,-1.9113846153846152,5.096942307692308
1.4549622689062223e+18,-0.2135800000000001,-7.77538,-1.41586
1.4549622691562225e+18,3.75262,-10.382300000000004,2.10394
1.4549622694062223e+18,-5.651686274509805,-1.0336078431372548,4.607431372549019
1.4549622696562225e+18,2.508576923076923,-6.028846153846154,-3.377692307692307
1.4549622699062223e+18,-1.462061224489796,-6.927897959183674,4.648
1.4549622701562225e+18,-4.526568627450981,-4.930078431372549,4.962058823529412
1.4549622704062223e+18,7.769159999999999,-7.653519999999999,-5.575120000000001
1.4549622706562225e+18,-7.089862745098039,-2.524294117647059,5.018352941176471
1.4549622709062223e+18,0.6885200000000001,-11.077680000000004,2.4958399999999994
1.4549622711562225e+18,5.408211538461539,-8.75401923076923,-2.392730769230769
1.4549622714062223e+18,-4.890843137254901,-1.5007058823529411,5.655411764705882
1.4549622716562225e+18,-0.9918999999999998,-8.87004,-0.8683000000000001
1.4549622719062223e+18,4.38116,-10.9697,0.9613599999999998
1.4549622721562225e+18,-4.604,-1.3705098039215684,4.549862745098039
1.4549622724062223e+18,1.806627450980392,-6.336235294117646,-2.826117647058824
1.4549622726562225e+18,-0.0282200000000002,-9.06638,2.92536
1.4549622729062223e+18,-4.910659999999999,-2.8682600000000003,4.99824
1.4549622731562225e+18,4.918450980392157,-8.105921568627451,-3.767588235294118
1.4549622734062223e+18,-3.32542,-6.83868,4.87248
1.4549622736562225e+18,-3.825490196078431,-7.17235294117647,3.721627450980392
1.4549622739062223e+18,8.417843137254902,-7.725098039215687,-6.214372549019608
1.4549622741562225e+18,-6.714160000000001,-2.79544,4.967160000000002
1.4549622744062223e+18,0.6614199999999997,-10.87544,2.43164
1.4549622746562225e+18,5.753450980392157,-8.891529411764704,-3.824509803921569
1.4549622749062223e+18,-4.912254901960784,-3.161509803921569,5.193882352941177
1.4549622751562225e+18,-1.30334,-8.45768,1.26042
1.4549622754062223e+18,5.800235294117648,-11.382901960784316,-0.5404509803921569
1.4549622756562225e+18,-4.327784313725491,-2.155117647058823,3.961
1.4549622759062223e+18,0.771938775510204,-8.130530612244899,-1.7624897959183676
1.4549622761562225e+18,3.2133333333333334,-11.079117647058824,2.0606274509803924
1.4549622764062223e+18,-3.730820000000001,-0.7344799999999999,3.49464
1.4549622766562225e+18,1.4021764705882351,-7.001137254901961,-2.7299215686274514
1.4549622769062223e+18,0.9444489795918368,-8.795734693877549,3.5006734693877557
1.4549622771562225e+18,-4.957843137254902,-3.400000000000001,3.714254901960784
1.4549622774062223e+18,6.119725490196079,-7.49870588235294,-3.894196078431373
1.4549622776562225e+18,-3.32888,-6.78784,5.2296000000000005
1.4549622779062223e+18,-3.23604,-7.982779999999999,4.3365800000000005
1.4549622781562225e+18,8.474333333333332,-7.901647058823529,-6.533098039215686
1.4549622784062223e+18,-6.980640000000001,-2.6042,5.8154200000000005
1.4549622786562225e+18,1.6779000000000002,-10.64156,2.0159799999999994
1.4549622789062223e+18,6.239705882352942,-7.919117647058824,-3.359725490196079
1.4549622791562225e+18,-5.708588235294117,-2.5036470588235296,3.3574117647058825
1.4549622794062223e+18,-0.52044,-9.05744,1.8403400000000003
1.4549622796562225e+18,6.078215686274511,-10.54035294117647,-0.7038039215686273
1.4549622799062223e+18,-4.67622,-2.5594,3.3960000000000004
1.4549622801562225e+18,0.6828999999999997,-7.296620000000001,-1.43142
1.4549622804062223e+18,3.310411764705883,-10.315823529411764,2.093784313725489
1.4549622806562225e+18,-4.58344,-1.1808999999999998,4.1394400000000005
1.4549622809062223e+18,0.92192,-6.592079999999999,-2.14836
1.4549622811562225e+18,0.93236,-9.21826,3.0810599999999995
1.4549622814062223e+18,-4.668176470588235,-2.06678431372549,4.295705882352942
1.4549622816562225e+18,3.67686274509804,-7.182764705882352,-4.128941176470588
1.4549622819062223e+18,-1.8731632653061223,-7.75104081632653,4.057551020408163
1.4549622821562225e+18,-4.64129411764706,-4.591823529411764,3.325
1.4549622824062223e+18,6.69428,-7.3248,-4.36484
1.4549622826562225e+18,-3.4741346153846147,-6.291673076923075,4.777115384615384
1.4549622829062223e+18,-3.662734693877551,-7.349571428571429,4.263632653061225
1.4549622831562225e+18,7.066078431372549,-7.509431372549019,-4.744117647058824
1.4549622834062223e+18,-6.231039215686275,-3.41443137254902,4.618627450980392
1.4549622836562225e+18,-2.89172,-11.056780000000003,3.57258
1.4549622839062223e+18,6.859159999999999,-7.518159999999999,-3.70458
1.4549622841562225e+18,-6.12606,-3.5467999999999997,3.85736
1.4549622844062223e+18,-0.8302549019607841,-12.15641176470588,2.869215686274509
1.4549622846562225e+18,4.83282,-9.11694,-3.5965599999999998
1.4549622849062223e+18,-6.813000000000001,-4.11074,2.89756
1.4549622851562225e+18,-0.8456078431372547,-11.358686274509804,4.018490196078431
1.4549622854062223e+18,5.0707,-10.01494,-2.0734600000000003
1.4549622856562225e+18,-5.7192156862745085,-3.430490196078431,4.718254901960784
1.4549622859062223e+18,-2.34676,-9.37668,1.4907600000000003
1.4549622861562225e+18,4.4198200000000005,-10.57136,-0.90508
1.4549622864062223e+18,-4.581076923076923,-0.7618846153846154,4.596096153846155
1.4549622866562225e+18,-1.6699600000000003,-11.02572,-0.9533
1.4549622869062223e+18,3.3926470588235293,-11.306196078431372,0.3916862745098039
1.4549622871562225e+18,-4.55408,-1.95008,4.86592
1.4549622874062223e+18,-0.1640588235294115,-6.215431372549019,-1.671058823529412
1.4549622876562225e+18,1.848274509803922,-11.285803921568627,2.55543137254902
1.4549622879062223e+18,-4.428938775510204,-1.4197551020408166,3.943938775510204
1.4549622881562225e+18,1.6545686274509803,-7.4804313725490195,-2.4222549019607844
1.4549622884062223e+18,-0.3207599999999999,-10.563099999999997,2.6351
1.4549622886562225e+18,-5.44413725490196,-1.8783333333333327,3.773058823529412
1.4549622889062223e+18,3.4104897959183678,-7.255897959183673,-2.6737959183673468
1.4549622891562225e+18,-1.8779019607843137,-8.68021568627451,4.096607843137255
1.4549622894062223e+18,-5.575431372549019,-5.150882352941176,4.373019607843137
1.4549622896562225e+18,6.180039999999999,-6.56286,-4.61584
1.4549622899062223e+18,-4.7018,-5.39382,5.2238
1.4549622901562225e+18,-3.604705882352942,-9.28029411764706,3.953372549019608
1.4549622904062223e+18,7.76476,-6.6492,-4.9789200000000005
1.4549622906562225e+18,-7.861254901960785,-2.6476078431372554,3.982745098039216
1.4549622909062223e+18,0.4664285714285714,-12.805918367346935,3.3771020408163266
1.4549622911562225e+18,3.315745098039215,-7.66621568627451,-3.5790392156862745
1.4549622914062223e+18,-5.5651,-1.58528,3.96674
1.4549622916562225e+18,-0.6343921568627452,-10.191941176470587,2.7948823529411766
1.4549622919062223e+18,4.0398,-9.79582,-1.5725
1.4549622921562225e+18,-3.952700000000001,-0.8864200000000001,3.90708
1.4549622924062223e+18,-2.19506,-9.5543,0.4506799999999998
1.4549622926562225e+18,3.189745098039216,-10.297882352941176,0.1418823529411764
1.4549622929062223e+18,-4.13036,-1.5052,4.22602
1.4549622931562225e+18,-1.18626,-7.697359999999999,-1.0308999999999997
1.4549622934062223e+18,2.3163137254901955,-11.004,1.1389607843137255
1.4549622936562225e+18,-4.346549019607843,-1.6051764705882343,3.916980392156863
1.4549622939062223e+18,0.0929999999999998,-6.887285714285715,-1.6738979591836736
1.4549622941562225e+18,0.7019411764705882,-11.216666666666669,2.5102941176470583
1.4549622944062223e+18,-4.7447647058823526,-0.6405098039215684,4.650411764705882
1.4549622946562225e+18,1.5948599999999995,-7.1970600000000005,-2.7955
1.4549622949062223e+18,-1.16116,-9.98308,3.0643
1.4549622951562225e+18,-5.858509803921568,-0.3875098039215683,4.134666666666667
1.4549622954062223e+18,5.223980392156863,-6.885372549019608,-3.2280196078431365
1.4549622956562225e+18,-3.44146,-8.49884,4.76292
1.4549622959062223e+18,-6.960520000000002,-5.23162,5.37256
1.4549622961562225e+18,7.393647058823529,-7.250294117647059,-4.492862745098039
1.4549622964062223e+18,-5.038499999999999,-4.7341,4.94212
1.4549622966562225e+18,-3.4241176470588237,-10.43958823529412,3.293705882352941
1.4549622969062223e+18,7.061285714285714,-6.511428571428572,-4.29365306122449
1.4549622971562225e+18,-7.758960784313725,-2.924156862745098,3.733901960784314
1.4549622974062223e+18,-0.3757799999999997,-13.046780000000002,3.897920000000001
1.4549622976562225e+18,3.465117647058824,-8.01005882352941,-3.7549607843137256
1.4549622979062223e+18,-5.02796,-2.0964399999999994,4.08112
1.4549622981562225e+18,-0.73626,-10.74736,3.2341
1.4549622984062223e+18,3.3789803921568637,-9.149,-2.37
1.4549622986562225e+18,-4.36114,-1.7697999999999998,4.5354600000000005
1.4549622989062223e+18,-1.48604,-9.60434,0.90588
1.4549622991562225e+18,3.1965294117647063,-11.72827450980392,-0.0164117647058823
1.4549622994062223e+18,-4.080919999999999,-2.1015399999999995,4.39796
1.4549622996562225e+18,-0.5236470588235295,-5.970039215686274,-1.1405294117647062
1.4549622999062223e+18,1.6781020408163263,-12.030367346938776,1.5572653061224488
1.4549623001562225e+18,-4.84354,-1.7697000000000005,4.018840000000001
1.4549623004062223e+18,1.1391320754716985,-7.496773584905661,-2.0527924528301886
1.4549623006562225e+18,0.2521,-11.532379999999998,2.96644
1.4549623009062223e+18,-4.507200000000001,-1.44552,3.858199999999999
1.4549623011562225e+18,2.65604,-8.56774,-2.7065
1.4549623014062223e+18,-0.63678431372549,-10.549764705882351,3.2057843137254896
1.4549623016562225e+18,-5.617179999999999,-2.2087599999999994,3.65498
1.4549623019062223e+18,4.41732,-7.59934,-3.2760200000000004
1.4549623021562225e+18,-2.70556,-8.52314,5.52678
1.4549623024062223e+18,-6.618490196078433,-5.310647058823529,5.325274509803921
1.4549623026562225e+18,7.393759999999999,-6.527800000000001,-4.77604
1.4549623029062223e+18,-4.432921568627451,-6.127941176470588,5.139862745098039
1.4549623031562225e+18,-4.1190588235294125,-9.479254901960784,3.895156862745098
1.4549623034062223e+18,7.69528,-6.974399999999999,-4.23208
1.4549623036562225e+18,-7.903882352941178,-2.9564117647058827,3.846803921568628
1.4549623039062223e+18,-0.3812199999999998,-12.775240000000002,3.65452
1.4549623041562225e+18,4.681780000000001,-7.283199999999999,-3.26008
1.4549623044062223e+18,-6.689076923076923,-3.1238653846153843,3.333230769230769
1.4549623046562225e+18,0.2527800000000001,-11.1932,4.373659999999999
1.4549623049062223e+18,2.3635,-9.3639,-1.947
1.4549623051562225e+18,-3.99218,-2.2152,3.95144
1.4549623054062223e+18,-1.503627450980392,-9.672156862745098,1.7685490196078433
1.4549623056562225e+18,2.892588235294118,-11.53319607843137,-0.0848235294117647
1.4549623059062223e+18,-3.3990000000000005,-2.390530612244897,4.63530612244898
1.4549623061562225e+18,-0.5762156862745099,-6.474372549019607,-0.5037254901960784
1.4549623064062223e+18,1.1617843137254902,-11.62170588235294,1.2695882352941177
1.4549623066562225e+18,-4.60202,-1.7609399999999995,3.8599
1.4549623069062223e+18,1.0099,-7.861219999999999,-1.6940800000000005
1.4549623071562225e+18,0.0370799999999999,-11.8253,3.1046
1.4549623074062223e+18,-5.009862745098039,-1.961921568627451,4.394607843137254
1.4549623076562225e+18,3.15126,-8.71214,-3.152
1.4549623079062223e+18,-0.9711000000000002,-9.922440000000002,4.08182
1.4549623081562225e+18,-5.9977254901960775,-3.864019607843137,4.280196078431373
1.4549623084062223e+18,6.141360000000001,-8.43994,-4.323040000000001
1.4549623086562225e+18,-3.300549019607844,-8.208235294117648,5.054117647058823
1.4549623089062223e+18,-5.551959183673469,-7.780061224489796,4.359571428571428
1.4549623091562225e+18,7.695745098039217,-8.758666666666667,-4.335764705882352
1.4549623094062223e+18,-6.2674,-4.364660000000001,4.32782
1.4549623096562225e+18,-3.471294117647058,-10.770352941176473,3.724333333333334
1.4549623099062223e+18,7.27384,-7.2658,-4.107559999999999
1.4549623101562225e+18,-8.04628,-3.0470200000000007,3.9105000000000008
1.4549623104062223e+18,-1.288211538461538,-12.42015384615385,4.340134615384615
1.4549623106562225e+18,5.20058,-7.71948,-3.0572200000000005
1.4549623109062223e+18,-5.795862745098038,-3.937647058823529,2.592254901960784
1.4549623111562225e+18,-1.70878,-11.28902,3.2707599999999992
1.4549623114062223e+18,5.261882352941175,-11.884745098039216,0.1311568627450978
1.4549623116562225e+18,-4.3886153846153855,-2.391211538461538,4.523249999999999
1.4549623119062223e+18,-2.7203200000000005,-7.334160000000001,-0.4775399999999997
1.4549623121562225e+18,5.92114,-11.6855,2.52726
1.4549623124062223e+18,-6.823365384615386,-2.6083461538461536,4.626788461538461
1.4549623126562225e+18,1.53816,-7.94258,-3.12342
1.4549623129062223e+18,1.2120625,-8.735729166666667,3.6071041666666654
1.4549623131562225e+18,-4.4098235294117645,-1.726843137254902,3.861588235294117
1.4549623134062223e+18,3.387745098039215,-6.142372549019608,-3.330764705882353
1.4549623136562225e+18,-2.1376000000000004,-7.076540000000001,5.718599999999999
1.4549623139062223e+18,-3.81554,-5.99642,5.75096
1.4549623141562225e+18,7.275137254901961,-7.478039215686274,-5.976215686274509
1.4549623144062223e+18,-6.01456,-3.38116,5.69016
1.4549623146562225e+18,0.4689423076923075,-12.353192307692307,2.5751730769230767
1.4549623149062223e+18,5.976999999999999,-8.917224489795919,-3.3778979591836733
1.4549623151562225e+18,-4.999019607843139,-3.0439607843137253,4.756372549019607
1.4549623154062223e+18,-1.11632,-9.40192,1.4343600000000003
1.4549623156562225e+18,7.251098039215687,-10.043333333333337,-1.49164705882353
1.4549623159062223e+18,-4.115479999999999,-3.42382,4.57986
1.4549623161562225e+18,0.2089,-6.984260000000001,-1.3850000000000002
1.4549623164062223e+18,5.24976,-11.1714,2.05594
1.4549623166562225e+18,-4.90551923076923,-1.7498461538461538,4.431288461538461
1.4549623169062223e+18,2.5482857142857145,-6.839428571428572,-3.418755102040816
1.4549623171562225e+18,0.93066,-8.682060000000002,3.3364
1.4549623174062223e+18,-4.495490196078432,-3.512176470588236,3.5770000000000004
1.4549623176562225e+18,6.87707843137255,-7.758372549019609,-4.448549019607843
1.4549623179062223e+18,-4.895734693877551,-4.430979591836734,6.481163265306122
1.4549623181562225e+18,1.8805098039215684,-10.601098039215683,1.3799411764705884
1.4549623184062223e+18,7.784173076923077,-9.161846153846152,-3.383519230769231
1.4549623186562225e+18,-6.378180000000001,-2.7610200000000003,6.17952
1.4549623189062223e+18,0.3343921568627449,-8.691058823529412,-1.463470588235294
1.4549623191562225e+18,4.93932,-10.5086,2.36096
1.4549623194062223e+18,-5.541686274509804,-0.5037254901960783,5.544196078431372
1.4549623196562225e+18,1.8671176470588235,-5.772392156862744,-4.549
1.4549623199062223e+18,-1.38272,-6.60104,4.63016
1.4549623201562225e+18,-4.921039215686275,-5.219607843137256,4.6144509803921565
1.4549623204062223e+18,8.57058,-7.086719999999999,-5.6736
1.4549623206562225e+18,-7.163179999999999,-2.485639999999999,6.420699999999999
1.4549623209062223e+18,1.4567058823529409,-10.168960784313724,0.7679019607843136
1.4549623211562225e+18,6.323840000000001,-8.604880000000001,-4.25238
1.4549623214062223e+18,-5.265780000000001,-2.4205,4.76452
1.4549623216562225e+18,0.2223725490196079,-8.941745098039215,0.7286862745098038
1.4549623219062223e+18,6.629439999999999,-11.6049,0.23148
1.4549623221562225e+18,-4.524719999999999,-1.7179399999999998,4.25074
1.4549623224062223e+18,1.4830392156862744,-6.422529411764706,-3.0823137254901964
1.4549623226562225e+18,1.1760784313725492,-8.74819607843137,2.761039215686275
1.4549623229062223e+18,-4.110571428571428,-3.3945102040816324,3.389265306122449
1.4549623231562225e+18,5.0902400000000005,-7.420200000000002,-3.63574
1.4549623234062223e+18,-1.9494313725490195,-7.17013725490196,4.881843137254903
1.4549623236562225e+18,-3.1572352941176467,-7.27270588235294,4.146254901960784
1.4549623239062223e+18,9.041244897959183,-7.25826530612245,-6.508387755102041
1.4549623241562225e+18,-6.928,-3.651607843137255,5.498921568627453
1.4549623244062223e+18,1.64436,-10.79186,1.91556
1.4549623246562225e+18,7.968156862745099,-7.921333333333333,-3.9207843137254894
1.4549623249062223e+18,-5.06042,-3.67516,5.747879999999999
1.4549623251562225e+18,0.54838,-8.78584,-0.5059600000000001
1.4549623254062223e+18,6.248843137254903,-11.24449019607843,0.2791372549019608
1.4549623256562225e+18,-5.138882352941176,-1.7622745098039214,5.057411764705884
1.4549623259062223e+18,2.4583673469387755,-6.9447551020408165,-3.0392244897959184
1.4549623261562225e+18,1.1852352941176472,-8.125686274509805,3.798568627450981
1.4549623264062223e+18,-4.7293,-3.79944,4.0824
1.4549623266562225e+18,6.16298,-7.23122,-4.053059999999999
1.4549623269062223e+18,-3.768274509803922,-5.423941176470587,5.977647058823528
1.4549623271562225e+18,-1.2560000000000002,-10.25843137254902,2.3660784313725487
1.4549623274062223e+18,8.236759999999999,-7.44722,-5.628439999999999
1.4549623276562225e+18,-6.823666666666667,-3.6344313725490194,4.571862745098039
1.4549623279062223e+18,0.7225,-9.46402,3.0396
1.4549623281562225e+18,7.82296,-10.14714,-1.1996
1.4549623284062223e+18,-5.965699999999999,-2.67846,3.69404
1.4549623286562225e+18,1.0186923076923078,-8.515346153846155,-2.0534038461538464
1.4549623289062223e+18,3.974102040816327,-10.17673469387755,1.500591836734694
1.4549623291562225e+18,-3.66768,-2.5442599999999995,3.1774400000000007
1.4549623294062223e+18,1.3663529411764708,-8.106137254901961,-1.9239803921568628
1.4549623296562225e+18,1.6244901960784313,-10.542921568627452,2.7717254901960784
1.4549623299062223e+18,-4.036163265306122,-2.6377551020408165,3.9412857142857134
1.4549623301562225e+18,4.174647058823529,-8.056843137254901,-4.117725490196079
1.4549623304062223e+18,-1.4148431372549022,-7.008019607843137,5.092588235294118
1.4549623306562225e+18,-4.75034,-6.8454,4.29724
1.4549623309062223e+18,9.3093,-6.782039999999999,-5.395600000000001
1.4549623311562225e+18,-6.648759999999999,-4.3976,5.65842
1.4549623314062223e+18,1.5375882352941177,-12.05443137254902,2.048411764705882
1.4549623316562225e+18,6.5358,-8.5801,-4.34038
1.4549623319062223e+18,-4.7891200000000005,-3.24572,4.89202
1.4549623321562225e+18,-0.7759019607843138,-7.6754509803921565,1.3743529411764706
1.4549623324062223e+18,5.943156862745098,-11.17701960784314,-0.4270980392156866
1.4549623326562225e+18,-4.58082,-2.35128,4.65014
1.4549623329062223e+18,0.6837450980392157,-5.8216078431372535,-2.639980392156863
1.4549623331562225e+18,2.6573,-10.266659999999996,2.9882600000000004
1.4549623334062223e+18,-4.744580000000001,-1.5549799999999998,4.3496
1.4549623336562225e+18,3.1623653846153843,-7.8945,-3.706307692307692
1.4549623339062223e+18,-0.15214,-8.23952,3.94356
1.4549623341562225e+18,-4.650040000000001,-4.83968,3.5104
1.4549623344062223e+18,6.4599,-8.31504,-4.30658
1.4549623346562225e+18,-3.848137254901961,-5.289313725490197,5.82578431372549
1.4549623349062223e+18,-2.275078431372549,-9.671862745098036,3.2289411764705886
1.4549623351562225e+18,8.908529411764706,-7.189901960784314,-6.509705882352942
1.4549623354062223e+18,-7.84026,-3.3953800000000003,5.485040000000001
1.4549623356562225e+18,2.008156862745098,-12.764,2.2596078431372546
1.4549623359062223e+18,6.056959183673469,-8.620040816326531,-4.226183673469388
1.4549623361562225e+18,-4.907568627450981,-3.28586274509804,3.309058823529412
1.4549623364062223e+18,0.1366666666666665,-11.19327450980392,1.956019607843137
1.4549623366562225e+18,6.8426800000000005,-10.32408,-1.6074799999999998
1.4549623369062223e+18,-3.5664285714285717,-2.989938775510204,3.605571428571428
1.4549623371562225e+18,-0.62322,-9.81548,-0.6014199999999998
1.4549623374062223e+18,5.556392156862746,-10.859490196078433,0.1624313725490195
1.4549623376562225e+18,-4.29762,-2.26072,3.68918
1.4549623379062223e+18,0.3686399999999999,-8.5278,-1.4487
1.4549623381562225e+18,3.141764705882353,-11.458627450980392,1.4429411764705884
1.4549623384062223e+18,-4.04636,-2.19296,3.5225800000000005
1.4549623386562225e+18,1.3583529411764703,-8.412686274509804,-1.547078431372549
1.4549623389062223e+18,2.043408163265306,-11.17038775510204,2.136163265306122
1.4549623391562225e+18,-3.424411764705882,-1.93978431372549,4.0397058823529415
1.4549623394062223e+18,2.470843137254902,-7.980333333333333,-3.164921568627451
1.4549623396562225e+18,-0.45988,-10.51654,3.0681
1.4549623399062223e+18,-4.657938775510203,-2.2866530612244897,4.659102040816326
1.4549623401562225e+18,4.767600000000001,-8.813960000000002,-4.12156
1.4549623404062223e+18,-1.136,-9.637705882352943,4.137529411764706
1.4549623406562225e+18,-4.057725490196078,-4.570980392156863,3.4155490196078437
1.4549623409062223e+18,4.88204081632653,-8.838244897959184,-4.693673469387755
1.4549623411562225e+18,-1.11024,-9.90776,4.100319999999999
1.4549623414062223e+18,-4.975596153846154,-5.937730769230768,2.760134615384615
1.4549623416562225e+18,6.724098039215687,-8.333529411764706,-3.872921568627451
1.4549623419062223e+18,-3.423469387755102,-8.379428571428571,4.562510204081632
1.4549623421562225e+18,-4.37421568627451,-8.469372549019608,3.0692549019607847
1.4549623424062223e+18,6.791254901960784,-7.761803921568628,-3.863509803921568
1.4549623426562225e+18,-5.094607843137255,-7.226549019607843,5.033431372549019
1.4549623429062223e+18,-3.991980392156862,-9.903823529411763,2.53778431372549
1.4549623431562225e+18,7.348979999999999,-7.77258,-4.150379999999999
1.4549623434062223e+18,-5.361666666666666,-6.535411764705882,3.215392156862745
1.4549623436562225e+18,-2.5616400000000006,-9.85804,2.9187
1.4549623439062223e+18,7.13942,-6.50862,-3.2202
1.4549623441562225e+18,-3.758960784313725,-7.9144313725490205,2.4968039215686275
1.4549623444062223e+18,-4.79102,-11.25944,6.240440000000001
1.4549623446562225e+18,6.82646,-9.49552,-5.325500000000001
1.4549623449062223e+18,-5.484480000000001,-4.211,3.1045
1.4549623451562225e+18,-0.8275,-13.73030769230769,2.8901730769230767
1.4549623454062223e+18,5.160099999999999,-9.01542,-4.60646
1.4549623456562225e+18,-5.726411764705883,-3.1700196078431366,2.905568627450981
1.4549623459062223e+18,1.50842,-11.64526,1.80632
1.4549623461562225e+18,5.24962,-9.75814,-2.70534
1.4549623464062223e+18,-4.00414,-2.4458,3.0939200000000007
1.4549623466562225e+18,0.0770192307692308,-10.28444230769231,1.191442307692308
1.4549623469062223e+18,5.464387755102041,-9.281959183673468,-1.2579183673469387
1.4549623471562225e+18,-4.673666666666667,-3.15943137254902,2.6132745098039214
1.4549623474062223e+18,-0.62906,-9.13646,0.97458
1.4549623476562225e+18,4.495294117647059,-11.797862745098042,0.2453725490196075
1.4549623479062223e+18,-3.592918367346939,-2.024183673469388,2.935
1.4549623481562225e+18,-0.3813333333333334,-9.737352941176471,-0.1550588235294117
1.4549623484062223e+18,3.572980392156863,-11.742274509803922,1.4875490196078434
1.4549623486562225e+18,-3.84916,-1.7540799999999996,2.5764000000000005
1.4549623489062223e+18,1.44666,-9.73444,-1.2925200000000003
1.4549623491562225e+18,1.3438600000000005,-11.15274,2.54488
1.4549623494062223e+18,-3.589470588235294,-2.0314509803921568,2.990529411764705
1.4549623496562225e+18,3.52204,-9.23898,-2.5676399999999995
1.4549623499062223e+18,0.3012000000000002,-9.99086,3.05304
1.4549623501562225e+18,-4.777745098039215,-1.3790000000000002,3.431843137254902
1.4549623504062223e+18,5.4645,-8.396639999999998,-3.666560000000001
1.4549623506562225e+18,-3.1240196078431377,-8.221117647058824,4.436078431372549
1.4549623509062223e+18,-4.460607843137256,-4.285039215686274,4.142176470588235
1.4549623511562225e+18,5.963819999999998,-7.193000000000001,-4.240060000000001
1.4549623514062223e+18,-3.61482,-7.69056,4.78976
1.4549623516562225e+18,-3.854901960784314,-8.527627450980392,5.021235294117647
1.4549623519062223e+18,6.766519999999999,-8.282960000000001,-5.003939999999999
1.4549623521562225e+18,-5.435819999999999,-5.674999999999999,4.54204
1.4549623524062223e+18,-1.9914423076923076,-10.745057692307697,2.6252692307692302
1.4549623526562225e+18,6.353899999999999,-7.78038,-5.023479999999999
1.4549623529062223e+18,-6.890183673469387,-1.8504693877551024,5.143591836734694
1.4549623531562225e+18,-0.6034800000000002,-11.523039999999996,3.28526
1.4549623534062223e+18,4.333431372549021,-7.778882352941177,-3.911509803921568
1.4549623536562225e+18,-5.048843137254903,-2.987,3.664941176470588
1.4549623539062223e+18,-0.8742040816326531,-8.866163265306122,2.619979591836734
1.4549623541562225e+18,4.584490196078432,-10.604607843137256,-1.3732352941176469
1.4549623544062223e+18,-4.577431372549019,-1.952254901960784,4.101666666666667
1.4549623546562225e+18,-1.3983200000000002,-9.93848,0.70922
1.4549623549062223e+18,4.79428,-10.93392,-0.1878200000000001
1.4549623551562225e+18,-4.40786,-3.2019999999999995,3.3773
1.4549623554062223e+18,-0.0474901960784314,-7.298647058823529,-1.0555490196078432
1.4549623556562225e+18,3.2275000000000005,-11.99342,1.63592
1.4549623559062223e+18,-3.9748,-1.88296,3.52566
1.4549623561562225e+18,1.1186666666666667,-8.38735294117647,-1.8011176470588235
1.4549623564062223e+18,1.6732600000000002,-11.46548,2.23612
1.4549623566562225e+18,-4.473294117647059,-1.7075686274509805,4.377960784313726
1.4549623569062223e+18,1.5259607843137253,-7.370764705882354,-2.581862745098039
1.4549623571562225e+18,-0.2175199999999999,-10.62154,3.88052
1.4549623574062223e+18,-5.356235294117647,-2.164392156862745,4.105509803921569
1.4549623576562225e+18,4.83868,-8.2965,-3.78596
1.4549623579062223e+18,-1.90354,-10.03356,4.24078
1.4549623581562225e+18,-5.02636,-4.26736,2.84388
1.4549623584062223e+18,5.629392156862745,-8.262039215686274,-3.5061960784313726
1.4549623586562225e+18,-2.8165098039215684,-8.668196078431372,4.657098039215686
1.4549623589062223e+18,-4.41868,-7.34028,5.76144
1.4549623591562225e+18,4.578352941176471,-8.019411764705884,-6.027313725490196
1.4549623594062223e+18,-2.489098039215686,-7.628607843137256,5.2572745098039215
1.4549623596562225e+18,-2.722078431372549,-8.973882352941176,4.373176470588236
1.4549623599062223e+18,5.962000000000001,-8.479408163265306,-5.009530612244898
1.4549623601562225e+18,-5.504764705882353,-4.724372549019607,4.782372549019608
1.4549623604062223e+18,1.0630588235294118,-11.923490196078427,1.6718823529411764
1.4549623606562225e+18,5.3307600000000015,-7.77356,-3.99462
1.4549623609062223e+18,-4.854439999999999,-4.08404,3.20022
1.4549623611562225e+18,-0.2684117647058823,-11.247627450980392,2.3449411764705874
1.4549623614062223e+18,3.82824,-9.3881,-1.5789399999999996
1.4549623616562225e+18,-3.821235294117647,-2.8743333333333334,4.066862745098039
1.4549623619062223e+18,-0.9891020408163264,-11.365122448979596,0.8613877551020408
1.4549623621562225e+18,2.650745098039215,-11.47141176470588,-0.4691176470588238
1.4549623624062223e+18,-2.83704,-3.00786,3.344
1.4549623626562225e+18,-0.0937450980392154,-8.781823529411765,-0.1026078431372548
1.4549623629062223e+18,1.7468235294117649,-11.798901960784317,0.5030000000000001
1.4549623631562225e+18,-2.31406,-2.04252,3.0191
1.4549623634062223e+18,-0.1584999999999999,-7.4001,-1.10508
1.4549623636562225e+18,-0.1015882352941177,-11.72119607843137,2.2642745098039216
1.4549623639062223e+18,-3.01586,-1.84372,3.67398
1.4549623641562225e+18,0.8501800000000003,-8.90404,-3.0405
1.4549623644062223e+18,0.1201176470588233,-10.834843137254902,3.3948823529411767
1.4549623646562225e+18,-4.366313725490196,-3.8723529411764703,3.255647058823529
1.4549623649062223e+18,3.815755102040816,-9.86,-4.486040816326531
1.4549623651562225e+18,-1.2894117647058825,-10.769745098039214,4.954588235294118
1.4549623654062223e+18,-2.68408,-3.8435,2.7173400000000005
1.4549623656562225e+18,2.515372549019608,-8.933333333333334,-3.986372549019608
1.4549623659062223e+18,-3.2692040816326533,-9.340367346938775,4.666816326530612
1.4549623661562225e+18,-3.841960784313725,-8.818980392156861,3.662313725490196
1.4549623664062223e+18,2.8074901960784318,-9.070333333333332,-5.537921568627452
1.4549623666562225e+18,-5.01774,-7.40354,4.34404
1.4549623669062223e+18,-2.0742549019607845,-13.74801960784314,2.092196078431373
1.4549623671562225e+18,3.744823529411765,-7.895294117647059,-2.8251764705882354
1.4549623674062223e+18,-3.0735,-9.84448,2.07072
1.4549623676562225e+18,5.62788,-12.7456,-0.3723000000000002
1.4549623679062223e+18,6.4551,-6.56168,-3.80366
1.4549623681562225e+18,8.407039215686275,-8.73543137254902,7.409313725490196
1.4549623684062223e+18,4.03784,1.78622,4.3814
1.4549623686562225e+18,2.714470588235294,3.3724901960784317,8.507294117647058
1.4549623689062223e+18,2.4557200000000003,4.720860000000001,8.438979999999999
1.4549623691562225e+18,2.1166,4.2559,8.56158
1.4549623694062223e+18,-0.4499411764705882,3.8515294117647056,7.998529411764706
1.4549623696562225e+18,-0.1239999999999999,4.5365,9.34568
1.4549623699062223e+18,-1.45834,4.67802,8.11814
1.4549623701562225e+18,-1.8039,5.13106,7.884639999999999
1.4549623704062223e+18,-2.813274509803922,5.488921568627451,7.435549019607842
1.4549623706562225e+18,-0.4212352941176471,4.398235294117647,8.184823529411764
1.4549623709062223e+18,0.947591836734694,3.661142857142857,9.40855102040816
1.4549623711562225e+18,0.066156862745098,3.7376078431372552,9.185392156862743
1.4549623714062223e+18,-0.8989599999999999,4.35898,8.600439999999999
1.4549623716562225e+18,-1.1296470588235292,4.8352941176470585,8.241999999999999
1.4549623719062223e+18,-1.0337959183673469,4.99534693877551,8.070061224489795
1.4549623721562225e+18,-1.2377843137254902,5.224176470588235,7.947745098039216
1.4549623724062223e+18,-1.383764705882353,5.302196078431375,7.890803921568627
